# Surah 2: word meanings from Quran.com (Quran Foundation); Urdu by Dr. Farhat Hashmi, Al-Huda International.
1	Alif Laam Meem	الف ۔ لام ۔ میم
2	That ; (is) the book ; no ; doubt ; in it ; a Guidance ; for the God-conscious	وہ / یہ ; کتاب ہے ; نہیں ; کوئی شک ; جس میں ; ہدایت ہے ; واسطے ان کے جو متقی ہیں
3	Those who ; believe ; in the unseen ; and establish ; the prayer ; and out of what ; We have provided them ; they spend	یہ وہ لوگ ہیں ; جو ایمان لاتے ہیں ; غیب پر ; اور وہ قائم کرتے ہیں ; نماز ; اس میں سے جو ; رزق دیا ہم نے ان کو ; وہ خرچ کرتے ہیں
4	And those who ; believe ; in what ; (is) sent down ; to you ; and what ; was sent down ; from ; before you ; and in the Hereafter ; they ; firmly believe	اور وہ لوگ ; جو ایمان لاتے ہیں ; ساتھ اس کے جو ; نازل کیا گیا ; طرف آپ کے ; اور جو ; نازل کیا گیا ; سے ; آپ سے پہلے ; اور آخرت کے ساتھ ; وہ ; وہ یقین رکھتے ہیں
5	Those ; (are) on ; Guidance ; from ; their Lord ; and those ; they ; (are) the successful ones	یہی لوگ ; اوپر ; ہدایت کے ہیں ; سے ; اپنے رب کی طرف سے ; اور یہی لوگ ہیں ; وہ ; جو فلاح پانے والے ہیں
6	Indeed ; those who ; disbelieve[d] ; (it) is same ; to them ; whether you warn them ; or ; not ; you warn them ; not ; they believe	بیشک ; وہ لوگ ; جنہوں نے کفر کیا ; برابر ہے ; اوپر ان کے ; تم ڈراؤ ان کو ; یا ; نہ ; تم ڈراؤ انکو ; نہیں ; وہ ایمان لائیں گے
7	Has set a seal ; Allah ; on ; their hearts ; and on ; their hearing ; and on ; their vision ; (is) a veil ; And for them ; (is) a punishment ; great	مہر لگادیں ; اللہ نے ; اوپر ; ان کے دلوں کے ; اور اوپر ; ان کے کانوں کے ; اور اوپر ; ان کی آنکھوں کے ; پردہ ہے ; ان کے لئے ; عذاب ہے ; بڑا
8	And of ; the people ; (are some) who ; say ; We believed ; in Allah ; and in the Day ; [the] Last ; but not ; they ; (are) believers (at all)	اور بعض ; لوگ ہیں ; جو ; کہتے ہیں ; ایمان لائے ہم ; اللہ پر ; اور یوم ; آخرت پر ; اور نہیں ; وہ ; ایمان لانے والے
9	They seek to deceive ; Allah ; and those who ; believe[d] ; and not ; they deceive ; except ; themselves ; and not ; they realize (it)	وہ دھوکہ دیتے ہیں ; اللہ کو ; اور ان لوگوں کو ; جو ایمان لائے ; اور نہیں ; وہ دھوکہ دیتے ; مگر ; اپنے نفسوں کو ; اور نہیں ; وہ شعور رکھتے
10	In ; their hearts ; (is) a disease ; so has increased them ; Allah ; (in) disease ; and for them ; (is) a punishment ; painful ; because ; they used to ; [they] lie	میں ; ان کے دلوں ; بیماری ہے ; پس زیادہ کیا ان کو / بڑھایا ان کو ; اللہ نے ; بیماری میں ; اور ان کے لئے ; عذاب ہے ; درد ناک / المناک ; بوجہ اس کے جو ; تھے وہ ; جھوٹ بولتے
11	And when ; it is said ; to them ; (Do) not ; spread corruption ; in ; the earth ; they say ; Only ; we ; (are) reformers	اور جب ; کہا جاتا ہے ; ان کو ; نہ ; تم فساد کرو ; میں ; زمین ; وہ کہتے ہیں ; بیشک ; ہم تو ; اصلاح کرنے والے ہیں
12	Beware ; indeed they ; themselves ; (are) the ones who spread corruption ; [and] but ; not ; they realize (it)	خبردار ; بیشک وہ ; وہی ہیں ; جو فساد کرنے والے ہیں ; لیکن ; نہیں ; وہ شعور رکھتے ہیں
13	And when ; it is said ; to them ; Believe ; as ; believed ; the people ; they say ; Should we believe ; as ; believed ; the fools ; Beware ; certainly they ; themselves ; (are) the fools ; [and] but ; not ; they know	اور جب ; کہا جاتا ہے ; واسطے ان کے ; ایمان لے آؤ ; جیسا کہ ; ایمان لائے ; لوگ ; وہ کہتے ہیں ; کیاہم ایمان لائیں ; جیسا کہ ; ایمان لائے ; جو بیوقوف ہیں ; خبردار ; بیشک وہ ; وہی ہیں ; جو بیوقوف ہیں ; لیکن ; نہیں ; وہ علم رکھتے
14	And when ; they meet ; those who ; believe[d] ; they say ; We believe[d] ; But when ; they are alone ; with ; their evil ones ; they say ; Indeed, we ; (are) with you ; only ; we ; (are) mockers	اور جب ; ملاقات کرتے ہیں ; ان لوگوں سے ; جو ایمان لائے ; وہ کہتے ہیں ; ایمان لائے ہم ; اورجب ; وہ اکیلے ہوتے ہیں ; طرف ; اپنے شیطانوں کے ; وہ کہتے ہیں ; بیشک ہم ; تمہارے ساتھ ہیں ; بیشک ; ہم تو ; مذاق کرنے والے ہیں
15	Allah ; mocks ; at them ; and prolongs them ; in ; their transgression ; they wander blindly	اللہ ; مذاق کرے گا / مذاق کرتا ہے ; ساتھ ان کے ; اور وہ ڈھیل دے رہا ہے ان کو ; ان کی ; سرکشی میں ; وہ بھٹک رہے ہیں/ اندھے بنے پھرتے ہیں
16	Those ; (are) the ones who ; bought ; [the] astraying ; for [the] guidance ; So not ; profited ; their commerce ; and not ; were they ; guided-ones	یہی ہیں ; وہ لوگ ; جنہوں نے خرید لی ; گمراہی ; بدلے ہدایت کے ; تو نہ ; فائدہ مند ہوئی / فائدہ دیا ; تجارت ان کی نے ; اور نہ ; تھے وہ ; ہدایت پانے والے
17	Their example ; (is) like (the) example ; (of) the one who ; kindled ; a fire ; then, when ; it illuminated ; what ; (was) around him ; took away ; Allah ; their light ; and left them ; in ; darkness[es] ; (so) not ; (do) they see	مثال ان کی ; جیسے مثال کی ; اس شخص کی ; جس نے جلائی ; آگ ; پھر جب ; اس نے روشن کردیا ; اس کا ; ماحول ; لے گیا ; اللّٰهُ ; نور ان کا ; اورچھوڑ دیا ان کو ; میں ; اندھیروں ; نہیں ; وہ دیکھ پاتے
18	Deaf ; dumb ; blind ; so they ; not ; [they] will not return	بہرے ہیں ; گونگے ہیں ; اندھے ہیں ; تو وہ ; نہیں ; وہ پلیٹیں گے / وہ لوٹیں گے
19	Or ; like a rainstorm ; from ; the sky ; in it (are) ; darkness[es] ; and thunder ; and lightning ; They put ; their fingers ; in ; their ears ; from ; the thunderclaps ; (in) fear (of) ; [the] death ; And Allah ; (is) [the One Who] encompasses ; the disbelievers	یا ; جیسے مثال ہے زور دار پیش کی ; سے ; آسمان ; اس میں ; اندھیرے ہیں ; کڑک ; بجلی ہے ; وہ ڈال لیتے ہیں ; انگلیاں اپنی ; اپنے ; کانوں میں ; سے ; بجلی کی کڑک ; ڈرتے ہوئے / ڈر کر / بچنے کے لئے ; موت سے ; اور اللہ تعالیٰ ; احاطہ کیے ہوئے ہے ; کافروں کا
20	Almost ; the lightning ; snatches away ; their sight ; Whenever ; it flashes ; for them ; they walk ; in it ; and when ; it darkens ; on them ; they stand (still) ; And if ; had willed ; Allah ; He would certainly have taken away ; their hearing ; and their sight ; Indeed ; Allah ; (is) on ; every ; thing ; All-Powerful	قریب ہے ; بجلی ; اچک لے / چھین لے ; نگاہیں ان کی ; جب کبھی ; اس نے روشنی کی ; ان کے لئے ; وہ چل پڑے ; اس میں ; اور جب ; اس نے اندھیرا کیا ; اوپر ان کے ; وہ کھڑے ہوگئے ; اوراگر ; چاہے ; اللہ ; ضرور لے جائے ; سماعت ان کی ; اورنگاہیں ان کی ; بیشک ; اللہ ; اوپر ; ہر ; چیز کے ; قدرت والاہے
21	O ; mankind ; worship ; your Lord ; the One Who ; created you ; and those ; from ; before you ; so that you may ; become righteous	اے ; لوگو ; عبادت کرو ; اپنے رب کی ; جس نے ; پیدا کیا تم کو ; اور ان لوگوں کو جو ; سے ; تم سے پہلے تھے ; تاکہ تم ; تم بچ سکو
22	The One Who ; made ; for you ; the earth ; a resting place ; and the sky ; a canopy ; and sent down ; from ; the sky ; water ; then brought forth ; therewith ; [of] ; the fruits ; (as) provision ; for you ; So (do) not ; set up ; to Allah ; rivals ; while you ; [you] know	وہ (رب) ; جس نے بنایا ; تمہارے لئے ; زمین کو ; فرش ; اور آسمان کو ; چھت ; اور اتارا ; سے ; آسمان ; پانی ; پھر نکالا ; بسبب اس کے / ساتھ اس کے / اس کے ذریعے ; سے ; پھلوں ; رزق کو / بطور رزق کے ; تمہارے لئے ; پس نہ ; تم بناؤ ; اللہ کے لئے ; کوئی بھی شریک ; حالانکہ تم ; تم جانتے ہو
23	And if ; you are ; in ; doubt ; about what ; We have revealed ; to ; Our slave ; then produce ; a chapter ; [of] ; like it ; and call ; your witnesses ; from ; other than ; Allah ; if ; you are ; truthful	اور اگر ; ہو تم ; میں ; کسی شک ; اس سے جو ; اتارا ہم نے ; اوپر ; اپنے بندے کے ; پس لے آؤ ; کوئی سورت ; اس ; جیسی ; اوربلا لو ; اپنے گواہوں کو / موجود لوگوں کو / حاضرین کو ; سے ; علاوہ / سوائے ; اللہ کے ; اگر ; ہو تم ; سچے
24	But if ; not ; you do ; and never ; will you do ; then fear ; the Fire ; whose ; [its] fuel ; (is) [the] men ; and [the] stones ; prepared ; for the disbelievers	پھر اگر ; نہ ; تم کرسکو ; اور ہرگز نہیں ; تم کرسکو گے ; پس بچو ; اس آگ سے ; جو ; ایندھن ہیں اس کا ; لوگ/ انسان ; اور پتھر ; تیار کی گئی ہے ; کافروں کے لیے
25	And give good news ; (to) those who ; believe ; and do ; [the] righteous deeds ; that ; for them ; (will be) Gardens ; flow ; [from] ; under them ; the rivers ; Every time ; they are provided ; therefrom ; of ; fruit ; (as) provision ; they (will) say ; This (is) ; the one which ; we were provided ; from ; before ; And they will be given ; therefrom ; (things) in resemblance ; And for them ; therein ; spouses ; purified ; and they ; therein ; (will) abide forever	اور خوش خبری دو ; ان لوگوں کو ; جو ایمان لائے ; اور جنہوں نے عمل کئے ; وہ جو اچھے ہیں / نیک ہیں ; بیشک ; ان کے لئے ; باغات ہیں ; بہتی ہیں ; سے ; اس کے نیچے ; نہریں ; جب کبھی ; وہ رزق دیئے جائیں گے ; ان (باغات) سے ; کوئی ; پھل ; بطور رزق کے ; وہ کہیں گے ; یہ ; وہی ہے جو ; ہم رزق دیئے گئے ; سے ; پہلے ; حالانکہ وہ دئیے جائیں گے ; ساتھ اس کے ; ملتے جلتے ; اور ان کے لئے ; اس میں ; بیویاں ہیں ; پاکیزہ ; اور وہ ; اس میں ; ہمیشہ رہنے والے ہیں
26	Indeed ; Allah ; (is) not ; ashamed ; to ; set forth ; an example ; (like) even ; (of) a mosquito ; and (even) something ; above it ; Then as for ; those who ; believed ; [thus] they will know ; that it ; (is) the truth ; from ; their Lord ; And as for ; those who ; disbelieved ; [thus] they will say ; what ; (did) intend ; Allah ; by this ; example ; He lets go astray ; by it ; many ; and He guides ; by it ; many ; And not ; He lets go astray ; by it ; except ; the defiantly disobedient	بیشک ; اللہ ; نہیں ; حیا فرمایا ; کہ ; وہ بیان کرے ; کوئی مثال ; خواہ جو ; کسی مچھر کی ہو ; یا اس کی جو ; اس کے اوپر ہے ; تو رہے ; وہ لوگ ; جو ایمان لائے ; پس وہ علم رکھتے ہیں ; بیشک وہ (مثال) ; حق ہے ; طرف سے ; ان کے رب کی ; اور رہے ; وہ لوگ ; جنہوں نے کفر کیا ; تو وہ کہتے ہیں ; کیا ; ارادہ کیا/ چاہا ; اللہ نے ; ساتھ اس ; مثال کے ; وہ گمراہ کرتا ہے ; ساتھ اس کے ; کثیر (تعداد) کو ; اورہدایت دیتا ہے ; اس کے ساتھ ; بہت کو ; اورنہیں ; وہ گمراہ کرتا ہے ; ساتھ اس (مثال کے) ; مگر ; ان کو جو فاسق ہیں
27	Those who ; break ; (the) Covenant ; (of) Allah ; from ; after ; its ratification ; and [they] cut ; what ; has ordered ; Allah ; it ; to ; be joined ; and [they] spread corruption ; in ; the earth ; Those ; they ; (are) the losers	وہ لوگ ہیں ; جو توڑتے ہیں ; عہد ; اللہ کا ; سے ; بعد ; پکا کرنے کے اس کے / مضبوطی اس کی کے ; اور وہ کاٹتے ہیں ; اسے جو ; حکم دیا ; اللہ نے ; اس کے ; یہ کہ ; وہ جوڑا جائے / ملایا جائے ; اورفساد کرتے ہیں ; میں ; زمین ; یہی لوگ ; وہ ; جو خسارہ پانے والے ہیں/ جو نقصان اٹھانے والے ہیں
28	How ; (can) you disbelieve ; in Allah ; While you were ; dead ; then He gave you life ; then ; He will cause you to die ; then ; He will give you life ; then ; to Him ; you will be returned	کس طرح ; تم انکار کرتے ہو ; اللہ کا ; حالانکہ تھے تم ; مردہ ; پھر اس نے زندہ کیا تم کو ; پھر ; وہ موت طاری کر دے گا تم پر ; پھر ; وہ زندہ کرے گا تم کو ; پھر ; طرف اس کے ; تم لوٹائے جاؤ گے
29	He ; (is) the One Who ; created ; for you ; what ; (is) in ; the earth ; all ; Moreover ; He turned ; to ; the heaven ; and fashioned them ; seven ; heavens ; And He ; of every ; thing ; (is) All-Knowing	وہی ہے ; جس نے ; پیدا کیا ; واسطے تمہارے ; جو کچھ ہے ; میں ; زمین ; سارے کا سارا / سب کچھ ; پھر ; وہ متوجہ ہوا / ارادہ کیا ; طرف ; آسمان کے ; پس برابر کردیا ان کو / درست بنایا ان کو / ہموار کیا ان کو ; سات ; آسمانوں کو ; اور وہ ; ساتھ ہر ; چیز کے ; خوب علم والا ہے
30	And when ; said ; your Lord ; to the angels ; Indeed, I (am) ; going to place ; in ; the earth ; a vicegerent ; they said ; Will You place ; in it ; (one) who ; will spread corruption ; in it ; and will shed ; [the] blood[s] ; while we ; [we] glorify (You) ; with Your praises ; and we sanctify ; [to] You ; He said ; Indeed, I ; [I] know ; what ; not ; you know	اور جب ; کہا ; تیرے رب نے ; فرشتوں سے ; بیشک میں ; بنانے والا ہوں ; میں ; زمین ; اپنا جانشین / ایک خلیفہ ; انہوں نے کہا ; کیا تو بنائے گا ; اس میں ; جو ; فساد کرے گا ; اس میں ; اور بہائے گا ; خون ; حالانکہ ہم ; ہم تسبیح کرتے ہیں ; ساتھ تیری تعریف کے ; اور ہم پاکی بیان کرتے ہیں ; واسطے تیرے ; فرمایا ; بیشک میں ; میں جانتا ہوں ; جو ; نہیں ; تم علم رکھتے
31	And He taught ; Adam ; the names ; all of them ; Then ; He displayed them ; to ; the angels ; then He said ; Inform Me ; of (the) names ; (of) these ; if ; you are ; truthful	اور سکھا دیئے اس نے ; آدم کو ; نام ; سارے کے سارے / سب کے سب ; پھر ; پیش کیا ان کو ; اوپر ; فرشتوں کے ; پھر فرمایا ; بتاؤ مجھ کو ; نام ; ان کے / ان سب کے ; اگر ; ہو تم ; سچے
32	They said ; Glory be to You ; No ; knowledge ; (is) for us ; except ; what ; You have taught us ; Indeed You ; You ; (are) the All-Knowing ; the All-Wise	انہوں نے کہا ; پاک ہے تو ; نہیں ; کوئی علم ; ہمارے لئے ; مگر ; جو ; سکھایا تم نے ہم کو ; بیشک آپ ; آپ ہی ; جو بہت علم والے / بہت جاننے والے ; جو بہت حکمت والے ہیں
33	He said ; O Adam ; Inform them ; of their names ; And when ; he had informed them ; of their names ; He said ; Did not ; I say ; to you ; Indeed, I ; [I] know ; (the) unseen ; (of) the heavens ; and the earth ; and I know ; what ; you reveal ; and what ; you [were] ; conceal	فرمایا ; اے ; بتاؤ ان کو ; نام ان کے ; پھر جب ; اس نے بتادئیے ان کو ; نام ان کے ; فرمایا ; کیا نہیں ; میں نے کہا تھا ; تمہارے لئے ; بیشک میں ; میں جانتا ہوں ; غیب / بھید ; آسمانوں کے ; اور زمین کے ; اور میں جانتا ہوں ; جو کچھ ; تم ظاہر کرتے ہو ; اور جو کچھ ; ہو تم ; تم چھپاتے ہو
34	And when ; We said ; to the angels ; Prostrate ; to Adam ; [so] they prostrated ; except ; Iblis ; He refused ; and was arrogant ; and became ; of ; the disbelievers	اور جب ; کہا ہم نے ; فرشتوں سے ; سجدہ کرو ; آدم کے لئے / آدم کو ; تو انہوں نے سجدہ کیا ; مگر / سوائے ; ابلیس کے ; اس نے انکار کیا ; اور بڑا بننا چاہا ; اور ہوگیا ; میں سے ; کافروں کے
35	And We said ; O Adam ; Dwell ; you ; and your spouse ; (in) Paradise ; and [you both] eat ; from it ; freely ; (from) wherever ; you [both] wish ; But do not ; [you two] approach ; this ; [the] tree ; lest you [both] be ; of ; the wrongdoers	اور کہا ہم نے ; اے آدم ; تم رہو ; تم ; اوربیوی تمہاری ; جنت میں ; اور تم دونوں کھاؤ ; اس میں سے ; خوف جی بھر کے / بافراغت ; جہاں سے ; تم دونوں چاہو ; اور نا ; تم دونوں قریب جانا ; اس ; درخت کے ; ورنہ تم دونو ہو جاو گے ; سے ; ظالموں میں
36	Then made [both of] them slip ; the Shaitaan ; from it ; and he got [both of] them out ; from what ; they [both] were ; in [it] ; And We said ; Go down (all of you) ; some of you ; to others ; (as) enemy ; and for you ; in ; the earth ; (is) a dwelling place ; and a provision ; for ; a period	پھر پھسلادیا ان دونوں کو ; شیطان نے ; اس سے ; پھر نکلوادیا ان دونوں کو ; اس میں سے جو ; تھے وہ دونوں ; جس میں ; اور کہا ہم نے ; اتر جاؤ ; بعض تمہارے ; واسطے بعض کے ; دشمن ہیں ; اورتمہارے لئے ; میں ; زمین ; ٹھکانہ ہے / قرار ہے ; اورفائدہ اٹھانا ہے ; تک ; ایک و قت کے
37	Then received ; Adam ; from ; his Lord ; words ; So (his Lord) turned ; towards him ; Indeed He ; He ; (is) the Oft-returning (to mercy) ; the Most Merciful	پس سیکھ لئے / پھر حاصل کرلئے ; آدم نے ; سے ; اپنے رب ; کچھ کلمے / چند الفاظ ; پھر مہربان ہوا ; اس پر ; بیشک وہ ; وہی ہے ; جو توبہ قبول کرنے والا ہے ; جو بار بار رحم کرنے والا ہے
38	We said ; Go down ; from it ; all (of you) ; and when ; comes to you ; from Me ; Guidance ; then whoever ; follows ; My Guidance ; [then] no ; fear ; (will be) on them ; and not ; they ; will grieve	کہا ہم نے ; اتر جاؤ ; اس میں سے ; سب کے سب / سب ہی ; پھر اگر ; آجائے تمہارے پاس ; میری طرف سے ; کوئی ہدایت ; تو جس نے ; پیروی کی ; میری ہدایت کی ; تو نہیں ہوگا ; کوئی خوف / ڈر ; اوپر ان کے ; اور نہ ; وہ ; غمگین ہوں گے
39	And those ; who disbelieve[d] ; and deny ; Our Signs ; those ; (are the) companions ; (of) the Fire ; they ; in it ; (will) abide forever	اور وہ لوگ ; جنہوں نے کفر کیا ; اورانہوں نے جھٹلایا ; ہماری آیات کو / ہمارے احکام کو ; یہی لوگ ; ساتھی ہیں ; آگ کے ; وہ ; اس میں ; ہمیشہ رہنے والے ہیں
40	O Children ; (of) Israel ; Remember ; My Favor ; which ; I bestowed ; upon you ; and fulfill ; My Covenant ; I will fulfill ; your covenant ; and Me Alone ; fear [Me]	اے بیٹو ! ; اسرائیل کے ; یاد کرو ; نعمتیں میری ; وہ جو ; انعام کی تھیں میں نے ; اوپر تمہارے ; اور پورا کرو ; میرے عہد کو ; میں پورا کروں گا ; تمہارے عہد کو ; اورصرف مجھ سے ہی ; پس ڈرو مجھ سے
41	And believe ; in what ; I have sent down ; confirming ; that which ; (is) with you ; and (do) not ; be ; (the) first ; disbeliever ; of it ; And (do) not ; exchange ; My Signs (for) ; a price ; small ; and Me Alone ; fear [Me]	اور ایمان لاؤ ; ساتھ اس کے جو ; نازل کی میں نے / اتاری میں نے ; جو تصدیق کرنے والی ہے ; واسطے اس کے جو ; تمہارے پاس ہے ; اور نہ ; تم ہوجاؤ ; پہلے ; انکار کرنے والے ; ساتھ اس کے ; اور نہ ; تم لو ; بدلے میری آیات کے ; قیمت ; تھوڑی ; اور صرف مجھ سے ہی ; پس ڈرو مجھ سے
42	And (do) not ; mix ; the Truth ; with [the] falsehood ; and conceal ; the Truth ; while you ; [you] know	اور نہ ; تم ملاؤ / گڈ مڈ کرو ; حق کو ; ساتھ باطل کے ; اورنہ تم چھپاؤ / تم چھپاتے ہو ; حق کو ; حالانکہ تم ; تم جانتے ہو
43	And establish ; the prayer ; and give ; zakah ; and bow down ; with ; those who bow down	اور قائم کرو ; نماز ; اوردو / ادا کرو ; زکوٰۃ ; اوررکوع کرو ; ساتھ ; رکوع کرنے والوں کے
44	Do you order ; [the] people ; [the] righteousness ; and you forget ; yourselves ; while you ; [you] recite ; the Book ; Then, will not ; you use reason	کیاتم حکم دیتے ہو ; لوگوں کو ; نیکی کا ; اورتم بھول جاتے ہو ; اپنے نفسوں کو ; حالانکہ تم ; تلاوت کرتے ہو ; کتاب کی ; پھر نہیں ; تم عقلوں سے کام لیتے ہو
45	And seek help ; through patience ; and the prayer ; and indeed, it ; (is) surely difficult ; except ; on ; the humble ones	اور مدد مانگو ; ساتھ صبر کے ; اورنماز کے ; اوربیشک وہ (نماز) ; البتہ بھاری ہے / مشکل ہے / بڑی ہے ; سوائے / مگر ; اوپر انکے ; جو خشوع کرنے والے ہیں
46	Those who ; believe ; that they ; will meet ; their Lord ; and that they ; to Him ; will return	وہ لوگ ; جو یقین رکھتے ہیں ; بیشک وہ ; ملاقات کرنے والے ہیں ; اپنے رب سے ; اور بیشک وہ ; طرف اس کے ; لوٹنے والے ہیں
47	O Children ; (of) Israel ; Remember ; My Favor ; which ; I bestowed ; upon you ; and that I ; [I] preferred you ; over ; the worlds	اے بنی ; اسرائیل ; یاد کرو ; میری نعمتیں ; وہ جو ; انعام کی تھیں میں نے ; اوپر تمہارے ; اور بیشک میں نے ; فضیلت دی تھی میں نے تم کو ; اوپر ; تمام دنیا والوں کے
48	And fear ; a day ; (will) not ; avail ; any soul ; for ; (another) soul ; anything ; and not ; will be accepted ; from it ; any intercession ; and not ; will be taken ; from it ; a compensation ; and not ; they ; will be helped	اور ; اس دن سے ; نہ ; کام آئے گا / بدلہ بنے گا ; کوئی نفس ; طرف سے ; کسی نفس کی ; کچھ بھی ; اور نہ ; قبول کی جائے گی ; اس سے ; کوئی سفارش ; اور نہ ; لیا جائے گا ; اس سے ; کوئی بدلہ ; اور نہ ; وہ ; وہ مدد دئیے جائیں گے
49	And when ; We saved you ; from ; (the) people ; (of) Firaun ; (who were) afflicting you (with) ; horrible ; torment ; slaughtering ; your sons ; and letting live ; your women ; And in ; that ; (was) a trial ; from ; your Lord ; great	اور جب ; نجات دی ہم نے تم کو ; سے ; آل ; فرعون ; وہ تکلیف دیتے تھے تھم کو ; برے ; عذاب کی ; خوب ذبح کرتے تھے ; بیٹوں کو تمہارے ; اور زندہ چھوڑ دیتے تھے ; تمہاری عورتوں کو ; اورمیں ; اس کے ; آزمائش تھی ; سے ; تمہارے رب کی طرف سے ; بڑی
50	And when ; We parted ; for you ; the sea ; then We saved you ; and We drowned ; (the) people ; (of) Firaun ; while you ; (were) looking	اور جب ; پھاڑا ہم نے ; تمہارے لیے ; سمندر کو ; پھر نجات دی ہم نے تم کو ; اور غرق کردیا ہم نے ; آل ; فرعون کو ; اور تم ; تم دیکھ رہے تھے
51	And when ; We appointed ; (for) Musa ; forty ; nights ; Then ; you took ; the calf ; from ; after him ; and you ; (were) wrongdoers	اور جب ; ہم نے وعدہ لیا ; موسیٰ سے ; چالیس ; راتوں کا ; پھر ; بنا لیا تم نے ; بچھڑے کو ; سے ; اس کے بعد / (موسی) پیچھے ; اور تم ; ظالم تھے
52	Then ; We forgave ; you ; from ; after ; that ; so that you may ; (be) grateful	پھر ; درگزر کیا ہم نے / معاف کردیا ہم نے ; تم سے ; سے ; بعد ; اس کے شرک ; تاکہ تم ; تم شکر ادا کرتے
53	And when ; We gave ; Musa ; the Book ; and the Criterion ; perhaps you ; (would be) guided	اور جب ; دی ہم نے ; موسیٰ کو ; کتاب ; اور فرقان (فہم کتاب) ; تاکہ تم ; تم ہدایت پا جاؤ
54	And when ; said ; Musa ; to his people ; O my people ; Indeed, you ; [you] have wronged ; yourselves ; by your taking ; the calf ; So turn in repentance ; to ; your Creator ; and kill ; yourselves ; That ; (is) better ; for you ; with ; your Creator ; Then He turned ; towards you ; Indeed He ; He ; (is) the-returning ; the Most Merciful	اور جب ; کہا ; موسیٰ نے ; اپنی قوم سے ; اے میری قوم ; بیشک تم نے ; ظلم کیا تم نے ; اپنے نفسوں پر / اپنی جانوں پر ; بوجہ بنانے کے تمہارے ; بچھڑے کو (معبود) ; پس توبہ کرو ; طرف ; اپنے پیدا کرنے والے کے ; تو قتل کرو ; اپنے نفسوں کو ; یہ ; بہتر ہے ; تمہارے لئے ; نزدیک ; تمہارے پیدا کرنے والے کے ; پھر وہ مہربان ہوا ; تم پر ; بیشک ; وہی ہے ; جو بہت توبہ قبول کرنے والا ہے ; جو بار بار رحم کرنے والا ہے
55	And when ; you said ; O Musa ; Never ; (will) we believe ; in you ; until ; we see ; Allah ; manifestly ; So seized you ; the thunderbolt ; while you ; (were) looking	اور جب ; کہا تم نے ; اے موسیٰ ; ہرگز نہیں ; ہم ایمان لائیں گے / ہم اعتبار کریں گے ; واسطے تیرے ; یہاں تک ; ہم دیکھ لیں ; اللہ کو ; سامنے / ظاہر / روبرو ; پس پکڑ لیا تم کو ; کڑک نے ; اس حال میں تم ; تم دیکھ رہے تھے
56	Then ; We revived you ; from ; after ; your death ; so that you may ; (be) grateful	پھر ; اٹھایا ہم نے تم کو ; سے ; بعد ; تمہاری موت کے ; تاکہ تم ; تم شکر ادا کرو
57	And We shaded ; [over] you ; (with) [the] clouds ; and We sent down ; to you ; [the] manna ; and [the] quails ; Eat ; from ; (the) good things ; that ; We have provided you ; And not ; they wronged Us ; but ; they were ; (to) themselves ; doing wrong	اور سایہ کیا ہم نے ; اوپر تمہارے ; بادلوں کا ; اور نازل کیا ہم نے ; اوپر تمہارے ; من ; اور سلویٰ ; کھاؤ ; میں سے ; پاکیزہ چیزوں ; جو ; رزق دیں ہم نے تم کو ; اور نہیں ; انہوں نے ظلم کیا ہم پر ; اور لیکن ; وہ تھے ; اپنے نفسوں پر ; وہ ظلم کرتے
58	And when ; We said ; Enter ; this ; town ; then eat ; from ; wherever ; you wish[ed] ; abundantly ; and enter ; the gate ; prostrating ; And say ; Repentance ; We will forgive ; for you ; your sins ; And We will increase ; the good-doers (in reward)	اور جب ; کہا ہم نے ; داخل ہوجاؤ ; اس ; بستی میں ; پھر کھاؤ ; اس میں سے ; جہاں سے ; چاہو تم ; خوب / بافراغت ; اور داخل ہوجاؤ ; دروازے سے ; سجدہ کرتے ہوئے ; اور کہتے جاؤ ; بخش دے / معافی معافی ; ہم بخش دیں گے ; تمہارے لئے ; تمہاری خطاؤں کو ; اور ضرور ہم زیادہ دیں گے ; احسان کرنے والوں کو
59	But changed ; those who ; wronged ; (the) word ; other (than) ; (that) which ; was said ; to them ; so We sent down ; upon ; those who ; wronged ; a punishment ; from ; the sky ; because ; they were ; defiantly disobeying	تو بدل ڈالا ; ان لوگوں نے ; جنہوں نے ظلم کیا ; بات کو ; سوائے ; اس کے جو ; کہی گئی تھی ; واسطے ان کے ; تو نازل کیا ہم نے ; اوپر ; ان لوگوں کے ; جنہوں نے ظلم کیا تھا ; عذاب ; سے ; آسمان ; بوجہ اس کے جو ; تھے وہ ; وہ نافرمانی کرتے
60	And when ; asked (for) water ; Musa ; for his people ; [so] We said ; Strike ; with your staff ; the stone ; Then gushed forth ; from it ; (of) ; twelve ; springs ; Indeed ; knew ; all ; (the) people ; their drinking place ; Eat ; and drink ; from ; (the) provision (of) ; Allah ; and (do) not ; act wickedly ; in ; the earth ; spreading corruption	اور جب ; پانی مانگا ; موسیٰ نے ; اپنی قوم کے لئے ; تو کہا ہم نے ; مارو ; ساتھ اپنے عصا کے ; اس پتھر کو ; تو پھوٹ پڑے / بہہ نکلے ; اس سے ; دو ; دس (بارہ) ; چشمے ; تحقیق ; جان لیا ; تمام ; لوگوں نے / گروہوں نے ; اپنے پنگھٹ کو / اپنی پینے کی جگہ کو ; کھاؤ ; اور پیو ; سے ; رزق (رزق سے) ; اللّٰهِ ; اورنہیں ; تم فساد کرتے پھرو ; میں ; زمین ; فسادی بن کر
61	And when ; you said ; O Musa ; Never (will) ; we endure ; [on] ; food ; (of) one (kind) ; so pray ; for us ; (to) your Lord ; to bring forth ; for us ; out of what ; grows ; the earth ; of ; its herbs ; [and] its cucumbers ; [and] its garlic ; [and] its lentils ; and its onions ; He said ; Would you exchange ; that which ; [it] ; (is) inferior ; for that which ; [it] ; (is) better ; Go down ; (to) a city ; so indeed ; for you ; (is) what ; you have asked (for) ; And were struck ; on them ; the humiliation ; and the misery ; and they drew on themselves ; wrath ; of ; Allah ; That (was) ; because they ; used to ; disbelieve ; in (the) Signs ; (of) Allah ; and kill ; the Prophets ; without (any) ; [the] right ; That ; (was) because ; they disobeyed ; and they were ; transgressing	اور جب ; کہا ; اے موسیٰ ; ہرگز نہیں ; ہم صبر کریں گے ; اوپر ; کھانے کے ; ایک ; پس تم دعا کرو ; ہمارے لئے ; اپنے رب سے ; وہ نکالے ; ہمارے لئے ; اس میں سے جو ; اگاتی ہے ; زمین (یعنی) ; سے ; سبزی اس کی سے ; اور ککڑی اس کی سے ; لہسن اس کے سے ; مسور اس کی سے ; پیاز اس کی سے ; کہا ; تم بدلنا چاہتے ہو ; اسے جو ; وہ ; کم تر ہے ; بدلے اس کے جو ; وہ ; بہتر ہے ; اتر جاؤ (بلند مقام سے) ; کسی شہر میں ; تو بیشک ; تمہارے لئے ہے ; جو ; سوال کیا تم نے / مانگا تم نے ; اور ماری گئی / مسلط کی گئی ; اوپر ان کے ; ذلت ; اور مسکنت ; اور وہ لوٹے ; ساتھ غضب کے ; طرف سے ; اللہ ; یہ ; بوجہ اسکے کہ بیشک وہ ; تھے وہ ; وہ کفر کرتےرہتے تھے ; ساتھ آیات کے ; اللہ ; اور قتل کر ڈالتے تھے ; نبیوں کو ; بغیر ; حق کے ; یہ ; بوجہ اس کے ; وہ نافرمانی کرتے تھے ; اور تھے وہ ; حد سےنکل جاتے
62	Indeed ; those who ; believed ; and those who ; became Jews ; and the Christians ; and the Sabians ; who ; believed ; in Allah ; and the Day ; [the] Last ; and did ; righteous deeds ; so for them ; their reward ; (is) with ; their Lord ; and no ; fear ; on them ; and not ; they ; will grieve	بیشک ; وہ لوگ ; جو ایمان لائے ; اور وہ لوگ ; جو یہودی بن بیٹھے ; اور جو نصرانی ہیں / عیسائی ہیں ; اور وہ جو صابی ہیں ; جو کوئی ; ایمان لایا ; ساتھ اللہ کے ; اور یوم ; آخرت کے ; اور اس نےعمل کئیے ; نیک ; تو ان کے لئے ; اجر ہے ان کا ; پاس ; ان کے رب کے ; اور نہیں ; کوئی خوف ; ان پہ ; اور نہ ; وہ ; وہ غمگین ہونگے
63	And when ; We took ; your covenant ; and We raised ; over you ; the mount ; Hold ; what ; We have given you ; with strength ; and remember ; what ; (is) in it ; perhaps you ; (would become) righteous	اور جب ; لیا ہم نے ; پختہ / پکا عہد تم سے ; اوراٹھایا ہم نے ; اوپر تمہارے ; طور کو ; پکڑو ; جو ; دیا ہم نے تم کو ; ساتھ قوت کے ; اور یاد کرو ; جو ; اس میں ہے ; تاکہ تم ; تم متقی بن جاو
64	Then ; you turned away ; from ; after ; that ; So if not ; (for the) Grace ; (of) Allah ; upon you ; and His Mercy ; surely you would have been ; of ; the losers	پھر ; منہ پھیرلیا تم نے ; سے ; بعد ; اس کے ; تو اگر نہیں ; فضل ہوتا ; اللہ کا ; اوپر تمہارے ; اور رحمت اس کی ; البتہ ہوتے تم ; میں سے ; خسارہ پانے والے
65	And indeed ; you knew ; those who ; transgressed ; among you ; in ; the (matter of) Sabbath ; So We said ; to them ; Be ; apes ; despised	اور البتہ تحقیق ; جان لیا تم نے ; ان لوگوں کو ; جنہوں نے زیادتی کی ; تم میں سے ; میں ; ہفتے کے دن میں / سبت (کے بارے) ; تو کہا ہم نے ; ان کے لئے ; ہوجاؤ ; بندر ; ذلیل / دھتکارے ہوئے
66	So We made it ; a deterrent punishment ; for those ; (in) front ; (of) them ; and those ; after them ; and an admonition ; for those who fear (Allah)	تو بنادیا ہم نے ان کو ; عبرت ; واسطے اس کے جو ; درمیان ; اس کے ساتھ ; اور واسطے ان کے جو ; ان کے پیچھے ہوں گے ; اور نصیحت ; متقیوں کے لئے
67	And when ; said ; Musa ; to his people ; Indeed ; Allah ; commands you ; that ; you slaughter ; a cow ; They said ; Do you take us ; (in) ridicule ; He said ; I seek refuge ; in Allah ; that ; I be ; among ; the ignorant	اور جب ; کہا ; موسیٰ نے ; اپنی قوم سے ; بیشک ; اللہ تعالیٰ ; حکم دیتا ہے تم کو ; یہ کہ ; تم ذبح کرو ; ایک گائے ; انہوں نے کہا ; کیا تم کرتے ہو ہم سے ; مذاق ; اس نے کہا ( موسیٰ ) ; میں پناہ مانگتا ہوں ; اللہ کی (اس بات سے) ; کہ ; میں ہوجاؤں ; سے ; جاہلوں میں سے
68	They said ; Pray ; for us ; (to) your Lord ; to make clear ; to us ; what ; it (is) ; He said ; Indeed, He ; says ; [Indeed] it ; (is) a cow ; not ; old ; and not ; young ; middle aged ; between ; that ; so do ; what ; you are commanded	انہوں نے کہا ; دعا کرو ; ہمارے لئے ; اپنے رب سے ; وہ بیان کرے / وہ واضح کرے ; ہمارے لئے ; کیسی ہو ; وہ ; کہا ; بیشک وہ ; وہ فرماتا ہے ; بیشک وہ ; ایسی گائے ہو ; نہ ; بوڑھی ; اورنہ ; جوان ; درمیان عمر ہو ; درمیان ; اس کے ; تو کرو ; جو ; جو تم حکم دئیے جاتے ہو
69	They said ; Pray ; for us ; (to) your Lord ; to make clear ; to us ; what ; (is) its color ; He said ; Indeed, He ; says ; '[Indeed] it is ; a cow ; yellow ; bright ; (in) its color ; pleasing ; (to) those who see (it).'	انہوں نے کہا ; دعا کرو ; ہمارے لئے ; اپنے رب سے ; وہ بیان کرے ; ہمارے لئے ; کیسا ہو ; رنگ اس کا ; کہا (موسیٰ ) ; بیشک وہ ; وہ فرماتا ہے ; بیشک وہ ; ایک گائے ہو ; زرد رنگ کی ; چمکیلا / عمدہ / خوب گہرا ہو ; رنگ اس کا ; خوش کرتی ہو / بھلی لگے وہ ; دیکھنے والوں کو
70	They said ; Pray ; for us ; (to) your Lord ; to make clear ; to us ; what ; it (is) ; Indeed ; [the] cows ; look alike ; to us ; And indeed we ; if ; wills ; Allah ; (will) surely be those who are guided	انہوں نے کہا ; دعا کرو ; ہمارے لئے ; اپنے رب سے ; وہ بیان کرے ; ہمارے لئے ; کیسی ہو ; وہ ; بیشک ; گائیں ; مشتبہ ہوگئی ہیں ; اوپر ہمارے ; اور بیشک ہم ; اگر ; چاہا ; اللہ نے ; البتہ پالینے والے ہیں
71	He said ; Indeed, He ; says ; [Indeed] it ; (is) a cow ; not ; trained ; to plough ; the earth ; and not ; water ; the field ; sound ; no ; blemish ; in it ; They said ; Now ; you have come ; with the truth ; So they slaughtered it ; and not ; they were near ; (to) doing (it)	کہا ; بیشک وہ ; وہ فرماتا ہے ; بیشک وہ ; ایسی گائے ہو ; نہ ہو ; مطیع ; کہ ہل چلاتی ہو / پھاڑتی ہو ; زمین کو ; اور نہ ; پانی پلاتی ہو / سیراب کرتی ہو ; کھیتی کو ; مکمل ہو / صحیح سلامت ہو ; نہیں / نہ ہو ; کوئی داغ / نشان / علامت ; اس میں ; انہوں نے کہا ; اب ; تو لایا ہے ; حق کو / صحیح بات کو ; تو انہوں نے ذبح کیا اس کو ; اور نہ ; لگتے تھے کہ ; وہ کرتے
72	And when ; you killed ; a man ; then you disputed ; concerning it ; but Allah ; (is) the One Who brought forth ; what ; you were ; concealing	اور جب ; قتل کیا تم نے ; ایک نفس / ایک جان ; پھر ایک دوسرے پر ڈالنے لگے تم/ باہم الزام دھرنے لگے تم ; اس کے بارے میں ; اوراللہ تعالیٰ ; نکالنے والا تھا ; کو ; تھے تم ; تم چھپاتے
73	So We said ; Strike him ; with a part of it ; Like this ; revives ; Allah ; the dead ; and shows you ; His Signs ; perhaps you may ; use your intellect	پس کہا ہم نے ; مارو اس کو ; ساتھ اس کے بعض حصے کے ; اسی طرح ; زندہ کرتا ہے ; اللہ ; مردوں کو ; اور وہ دکھاتا ہے تم کو ; اپنی نشانیاں ; تاکہ تم ; تم عقل سے کام لو
74	Then ; hardened ; your hearts ; from ; after ; that ; so they ; (became) like [the] stones ; or ; stronger ; (in) hardness ; And indeed ; from ; the stones ; certainly (there are some) which ; gush forth ; from it ; [the] rivers ; and indeed ; from them ; certainly (there are some) which ; split ; so comes out ; from it ; [the] water ; and indeed ; from them ; certainly (there are some) which ; fall down ; from ; fear ; (of) Allah ; And not ; (is) Allah ; unaware ; of what ; you do	پھر ; سخت ہوگئے ; دل تمہارے ; بعد ;  ; اس کے ; تو وہ (ہوگئے) ; مانند پتھروں کے / پتھروں کی طرح ; یا ; زیادہ شدید ; سختی میں ; اور بیشک ; سے ; پتھروں ( میں سے) بعض ; یقیناً (وہ ہے) جو ; پھوٹ پڑتی ہیں ; اس سے ; نہریں ; اور بیشک ; ان میں سے بعض ; یقیناً (وہ ہے) جو ; شق ہوجاتا ہے / پھٹ جاتا ہے ; پھر نکل آتا ہے ; اس سے ; پانی ; اوربیشک ; ان (میں سے) بعض ; یقیناً (وہ ہے) جو ; گرپڑتا ہے ; سے ; خوف ; اللہ کے ; اورنہیں ; اللہ ; غافل ; اس سے جو ; تم عمل کرتے ہو
75	Do you hope ; that ; they will believe ; [for] you ; while indeed ; (there) has been ; a party ; of them ; (who used to) hear ; (the) words ; (of) Allah ; then ; they distort it ; from ; after ; [what] ; they understood it ; while they ; know	کیاپھر تم امید رکھتے ہو ; کہ ; وہ ایمان لائیں گے ; تمہارے لئے ; حالانکہ تحقیق ; ہے ; ایک گروہ ; ان میں سے ; وہ سنتا ہے ; وہ سنتا ہے ; اللہ کا ; پھر ; وہ تحریف کر ڈالتے ہیں اس کی ;  ; بعد ; اس کے جو ; سمجھ لیا انہوں نے اس کو ; اور وہ ; وہ جانتے ہیں
76	And when ; they meet ; those who ; believe[d] ; they say ; We have believed ; But when ; meet in private ; some of them ; with ; some (others) ; they say ; Do you tell them ; what ; has ; Allah ; to you ; so that they argue with you ; therewith ; before ; your Lord ; Then do (you) not ; understand	اور جب ; وہ ملاقات کرتے ہیں ; ان لوگوں سے ; جو ایمان لائے ; وہ کہتے ہیں ; ہم ایمان لائے ; اورجب ; علیحدہ ہوتے ہیں ; بعض ان کے ; طرف ; بعض کے ; وہ کہتے ہیں ; کیاتم باتیں بتاتے ہو ان کو ; ساتھ اس کے جو ; کھولا ہے ; اللہ نے ; اوپر تمہارے ; تاکہ وہ جھگڑا کریں تم سے ; ساتھ اس کے ; پاس ; تمہارے رب کے ; کیا پھر نہیں ; تم سمجھتے
77	Do not ; they know ; that ; Allah ; knows ; what ; they conceal ; and what ; they declare	کیا نہیں ; وہ جانتے ; بیشک ; اللہ ; وہ جانتا ہے ; جو ; وہ چھپاتے ہیں ; اور جو ; وہ ظاہر کرتے ہیں
78	And among them ; (are) unlettered ones ; (who) do not ; know ; the book ; except ; wishful thinking ; and not ; they ; (do anything) except ; guess	اور ان میں سے کچھ ; ان پڑھ ہیں ; نہیں ; وہ جانتے ; کتاب کو ; سوائے ; خواہشات کے ; اورنہیں ہیں ; وہ ; مگر ; وہ گمان رکھتے
79	So woe ; to those who ; write ; the book ; with their (own) hands ; then ; they say ; This ; (is) ; from ; Allah ; to barter ; with it ; (for) a price ; little ; So woe ; to them ; for what ; have written ; their hands ; and woe ; to them ; for what ; they earn	پس ہلاکت ہے ان لوگوں کے لئے ; ان لوگوں کے لئیے ; جو لکھتے ہیں ; کتاب کو ; ساتھ اپنے ہاتھوں کے ; پھر ; وہ کہتے ہیں ; یہ ; سے ; طرف ; اللہ کے ; تاکہ وہ لیں ; بدلے اس کے ; قیمت ; تھوڑی ; پس ہلاکت ہے ; ان کے لئے ; اس سے جو ; لکھا ; ان کے ہاتھوں سے ; اورہلاکت ہے ; ان کے لئے ; اس سے جو ; وہ کماتے ہیں
80	And they say ; Never ; will touch us ; the Fire ; except ; (for) days ; numbered ; Say ; Have you taken ; from ; Allah ; a covenant ; so never ; will break ; Allah ; His Covenant ; Or ; (do) you say ; against ; Allah ; what ; not ; you know	اور وہ کہتے ہیں ; ہرگز نہیں ; چھوئے گی ہم کو ; آگ ; مگر ; دن ; گنتی کے / گنے چنے ; کہ دیجئے ; کیا تم نے لے رکھا ہے ; پاس سے ; اللہ کے ; کوئی عہد ; تو ہرگز نہیں ; خلاف کرے گا ; اللہ ; اپنے عہد کے ; یا ; تم کہتے ہو ; اوپر ; اللہ کے ; جو ; نہیں ; تم جانتے
81	Yes ; whoever ; earned ; evil ; and surrounded him ; with ; his sins ; [so] those ; (are the) companions ; (of) the Fire ; they ; in it ; (will) abide forever	کیوں نہیں ; جس نے ; کمایا ; برائی کو ; احاطہ کیا / گھیر لیا ; اس کو ; اس کی خطا نے ; تو یہی لوگ ; ساتھی ہیں ; آگ کے ; وہ ; اس میں ; ہمیشہ رہنے والے ہیں
82	And those who ; believed ; and did ; righteous deeds ; those ; (are the) companions ; (of) Paradise ; they ; in it ; (will) abide forever	اور وہ لوگ ; جو ایمان لائے ; اور انہوں نے عمل کئے ; اچھے / نیک ; تو یہی لوگ ; ساتھی ہیں ; جنت کے ; وہ ; اس میں ; ہمیشہ رہنے والے ہیں
83	And when ; We took ; (the) covenant ; (from the) Children ; (of) Israel ; Not ; you will worship ; except ; Allah ; and with [the] parents ; (be) good ; and (with) ; relatives ; and [the] orphans ; and the needy ; and speak ; to [the] people ; good ; and establish ; the prayer ; and give ; the zakah ; Then ; you turned away ; except ; a few ; of you ; and you (were) ; refusing	اور جب ; لیا ہم نے ; پکا عہد ; بنی ; اسرائیل سے ; نہ ; تم عبادت کرو گے ; مگر ; اللہ کی ; اور ساتھ والدین کے ; احسان (کروگے) ;  ; اور رشتہ داروں ; اور یتیموں ; اور مسکینوں (کے ساتھ بھی) ; اورکہو (گے) ; لوگوں سے ; خوبصورت (بات) ; اور قائم کرو (گے) ; نماز کو ; اور ادا کرو (گے) ; زکوٰۃ کو ; پھر ; منہ موڑ لیا تم نے ; مگر ; بہت کم ; تم میں سے ; اور تم(ہو ہی) ; اعراض کرنے والے
84	And when ; We took ; your covenant ; Not ; will you shed ; your blood ; and not ; (will) evict ; yourselves ; from ; your homes ; then ; you ratified ; while you ; (were) witnessing	اور جب ; لیا ہم نے ; پختہ عہد تم سے ; نہ ; تم بہاؤ گے ; خون اپنے ; اورنہ ; تم نکالو گے ; اپنی جانوں کو / اپنے لوگوں کو ; سے ; اپنے گھروں ; پھر ; اقرار کیا تم نے ; اور تم ; تم گواہ ہو
85	Then ; you ; (are) those ; (who) kill ; yourselves ; and evict ; a party ; of you ; from ; their homes ; you support one another ; against them ; in sin ; and [the] transgression ; And if ; they come to you ; (as) captives ; you ransom them ; while it ; (was) forbidden ; to you ; their eviction ; So do you believe ; in part (of) ; the Book ; and disbelieve ; in part ; Then what ; (should be the) recompense ; (for the one) who ; does ; that ; among you ; except ; disgrace ; in ; the life ; (of) the world ; and (on the) Day ; of [the] Resurrection ; they will be sent back ; to ; (the) most severe ; punishment ; And not ; (is) Allah ; unaware ; of what ; you do	پھر ; تم ; وہ لوگ ہو ; تم قتل کر ڈالتے ہو ; اپنے لوگوں کو ; اور تم نکال دیتے ہو ; ایک گروہ کو ; تم میں سے ; سے ; ان کے گھروں ; تم غلبہ پاتے ہو/ تم چڑھائی کرتے ہو ; اوپر ان کے ; ساتھ گناہ کے ; اور زیادتی کے ; اور اگر ; وہ آجائیں تمہارے پاس ; قیدی (بن کر) ; تم فدیہ لیتے ہو ان سے ; حالانکہ وہ ; حرام کیا گیا تھا ; اوپر تمہارے ; نکالنا ان کو ; کیا پھر تم مانتے ہو ; ساتھ بعض ; کتاب کے ; اور تم انکار کرتے ہو ; ساتھ بعض کے ; تو نہیں ; جزا ہوگی ( اس کی) ; جو کوئی ; کرتا ہے ; یہ ; تم میں سے ; سوائے ; رسوائی ; میں ; زندگی ; دنیا کی ; اور دن ; قیامت کے ; وہ لوٹائے جائیں گے ; طرف ; شدید ترین ; عذاب کے ; اور نہیں ; اللہ ; غافل ; ا سے جو ; تم عمل کرتے ہو
86	Those ; (are) the ones who ; bought ; the life ; (of) the world ; for the Hereafter ; so not ; will be lightened ; for them ; the punishment ; and not ; they ; will be helped	یہی لوگ ; وہ لوگ ہیں ; جنہوں نے خرید لی ; زندگی ; دنیا کی ; بدلے آخرت کے ; تو نہ ; ہلکا کیا جائے گا ; ان سے ; عذاب ; اور نہ ; وہ ; مدد کئے جائیں گے
87	And indeed ; We gave ; Musa ; the Book ; and We followed up ; from ; after him ; with [the] Messengers ; And We gave ; Isa ; (the) son ; (of) Maryam ; [the] clear signs ; and We supported him ; (with) ; the Holy Spirit ; Is it (not) so (that) whenever ; came to you ; a Messenger ; with what ; (does) not ; desire ; yourselves ; you acted arrogantly ; So a party ; you denied ; and a party ; you kill(ed)	اور البتہ تحقیق ; دی ہم نے ; موسیٰ کو ; کتاب ; اور پے در پے بھیجے ہم نے ;  ; اس کے پیچھے / بعد ; رسول ; اور دیں ہم نے ; عیسیٰ ; ابن ; مریم کو ; روشن نشانیاں ; اور قوت دی ہم نے اس کو / تائید کی ہم نے اس کی ; ساتھ روح ; پاک کے ; کیا بھلا جب کبھی ; لایا تمہارے پاس ; کوئی رسول ; ساتھ اس کے جو ; نہیں ; چاہتے تھے (اسے) ; تمہارے دل ; تکبر کیا تم نے ; تو ایک گروہ کو ; جھٹلایا تم نے ; اور گروہ کو ; تم قتل کرتے رہے
88	And they said ; Our hearts ; (are) wrapped ; Nay ; has cursed them ; Allah ; for their disbelief ; so little ; (is) what ; they believe	اور انہوں نے کہا ; ہمارے دلوں (پر) ; غلاف ہیں ; (نہیں) بلکہ ; لعنت کی ہے ان پر ; اللہ نے ; بوجہ ان کے کفر کے ; تو کتنا تھوڑا ہے ; جو ; وہ ایمان لاتے ہیں
89	And when ; came to them ; a Book ; of ; from ; Allah ; confirming ; what (was) ; with them ; though they used to ; from ; before ; (that), pray for victory ; over ; those who ; disbelieved ; then when ; came to them ; what ; they recognized ; they disbelieved ; in it ; So (the) curse ; (of) Allah ; (is) on ; the disbelievers	اور جب ; آگئی ان کے پاس ; کتاب ; سے ; پاس ; اللہ کے ; جو تصدیق کرنے والی ہے ; واسطے اس کے جو ; پاس ہے ان کے ; حالانکہ تھے وہ ; سے ; پہلے/ قبل ; فتح کی دعائیں کرتے تھے ; خلاف ; ان لوگوں کے ; جنہوں نے کفر کیا ; تو جب ; آگیا ان کے پاس ; جو ; انہوں نے پہچان لیا ; انہوں نے کفر کیا ; ساتھ اس کے ; تو لعنت ہو ; اللہ کی ; اوپر ; کافروں کے
90	Evil (is) that ; (for) which they have sold ; with ; themselves ; that ; they disbelieve ; in what ; has revealed ; Allah ; grudging ; that ; sends down ; Allah ; of ; His Grace ; on ; whom ; He wills ; from ; His servants ; So they have drawn (on themselves) ; wrath ; upon ; wrath ; And for the disbelievers ; (is) a punishment ; humiliating	کتنا برا ہے جو ; بیچ ڈالا انہوں نے ; بدلے اس کے ; اپنے نفسوں کو ; یہ کہ ; انہوں نے کفر کیا ; ساتھ اس کے جو ; نازل کیا ; اللہ نے ; ضد ( کیوجہ سے) ; یہ کہ ; نازل کرتا ہے ; اللہ ; سے ; اپنے فضل ; اوپر ; جس کے ; وہ چاہتا ہےس ; سے ; اپنے بندوں میں سے ; تو وہ لوٹے / چلے آئے ; ساتھ غضب کے ; اوپر ; غضب کے ; اور کافروں کے لئے ; عذاب ہے ; سوا کن / ذلیل کرنے والا
91	And when ; it is said ; to them ; Believe ; in what ; has revealed ; Allah ; they say ; We believe ; in what ; was revealed ; to us ; And they disbelieve ; in what ; (is) besides it ; while it ; (is) the truth ; confirming ; what ; (is) with them ; Say ; Then why ; (did) you kill ; (the) Prophets ; (of) Allah ; from ; before ; if ; you were ; believers	اور جب ; کہا جاتا ہے ; ان کو ; ایمان لاؤ ; ساتھ اس کے جو ; نازل کیا ; اللہ نے ; وہ کہتے ہیں ; ہم ایمان لائیں گے ; ساتھ اس کے جو ; نازل کیا گیا ; ہم پر ; اور وہ کفر کرتے ہیں ; ساتھ اس کے جو ; اس کے علاوہ ہے ; حالانکہ وہ ; حق ہے ; تصدیق کرنے والا ہے ; واسطے اس کے جو ; ان کے پاس ہے ; کہہ دو ; تو کیوں ; تم قتل کرتے رہے ہو ; نبیوں کو ; اللہ کے ; اس سے ; پہلے ; اگر ; ہو تم ; ایمان لانے والے
92	And indeed ; came to you ; Musa ; with [the] clear signs ; then ; you took ; the calf ; from ; after him ; and you ; (were) wrongdoers	اور البتہ تحقیق ; آئے تمہارے پاس ; موسیٰ ; ساتھ روشن نشانیوں کے ; پھر ; بنا لیا تم نے ; بچھڑے کو ( معبود) ;  ; پیچھے / بعد اس کے (موسیٰ ) ; اور تم ; ظالم (مشرک)
93	And when ; We took ; your covenant ; and We raised ; over you ; the mount ; Hold ; what ; We gave you ; with firmness ; and listen ; They said ; We heard ; and we disobeyed ; And they were made to drink ; in ; their hearts ; (love of) the calf ; because of their disbelief ; Say ; Evil (is) that ; orders you (to do) it ; with ; your faith ; if ; you are ; believers	اور جب ; لیا ہم نے ; پکا وعدہ تم سے ; اور بلند کیا تم نے ; اوپر تمہارے ; طور کو ; پکڑو / لے لو ; جو ; دیا ہم نے تم کو ; ساتھ قوت کے ; اور سنو ; انہوں نے کہا ; سنا ہم نے ; اور نافرمانی کی ہم نے ; اوروہ پلادیئے گئے ; میں ; اپنے دلوں ; بچھڑے کو (کی محبت) ; اپنے کفر کی وجہ سے ; کہ دیجئے ; کتنا برا ہے جو ; حکم دیتا ہے تم کو ; ساتھ اس (کفر) کے ; ایمان تمہارا ; اگر ; ہو تم ; مومن
94	Say ; If ; is ; for you ; the home ; (of) the Hereafter ; with ; Allah ; exclusively ; from ; excluding ; the mankind ; then wish ; (for) [the] death ; if ; you are ; truthful	کہہ دیجئے ; اگر ; ہے ; تمہارے لئے ; دار ; آخرت ; پاس ; اللہ کے ; خالص ( خاص طور پر) ; سے ; سوائے ; لوگوں کے ; تو تمنا کرو ; موت کی ; اگر ; ہو تم ; سچے
95	And never (will) ; they wish for it ; ever ; because ; (of what) sent ahead ; their hands ; And Allah ; (is) All-Knower ; of the wrongdoers	اور ہرگز نہیں ; وہ تمنا کریں گے اس کی ; کبھی بھی ; بوجہ اس کے جو ; اگے بھیجا ; ان کے ہاتھوں کے ; اوراللہ ; خوب جاننے والا ہے ; ظالموں کو
96	And surely you will find them ; (the) most greedy ; (of) [the] mankind ; for ; life ; and (greedier) than ; those who ; associate[d] partners (with Allah) ; Loves ; (each) one of them ; if ; he could be granted a life ; (of) a thousand ; year(s) ; But not ; it ; (will) remove him ; from ; the punishment ; that ; he should be granted life ; And Allah ; (is) All-Seer ; of what ; they do	اور البتہ تم ضرور پاؤ گے ان کو ; حریص ترین ; لوگوں میں سے ; اوپر ; زندگی گے / زندہ رہنے کے ; اورمیں سے ; ان لوگوں کے ; جنہوں نے شرک کیا ; دل سے چاہتا ہے ; ہر ایک ان کا ; کاش ; وہ عمر دے دیا جائے ; ہزار ; سال ; اورجو ; وہ ; بچانے والی اس کو ; پیچھے ; عذاب ; اگرچہ ; وہ عمر دیا جائے ; اور اللہ ; دیکھنے والا ہے ; اس کو جو ; وہ عمل کرتے ہیں
97	Say ; Whoever ; is ; an enemy ; to Jibreel ; then indeed he ; brought it down ; on ; your heart ; by (the) permission ; (of) Allah ; confirming ; what ; (was) ; before it ; and a guidance ; and glad tiding(s) ; for the believers	کہہ دیجئے ; جو ; ہے ; دشمن ; جبرئیل کا ; تو بیشک وہ ہے ; اس نے نازل کیا اس کو ; اوپر ; تیرے دل کے ; ساتھ اذن ; اللہ کے ; وہ تصدیق کرنے والا ہے ; واسطے اس کے جو ; درمیان ; اس کے ہاتھوں کے ; اور ہدایت ; اور خوش خبری ; مومنین کے لئیے
98	Whoever ; is ; an enemy ; (to) Allah ; and His Angels ; and His Messengers ; and Jibreel ; and Meekael ; then indeed ; Allah ; (is) an enemy ; to the disbelievers	جو ; ہے ; دشمن ; اللہ کا ; اس کے فرشتوں کا ; اور اس کے رسولوں کا ; اورجبرئیل کا ; اورمیکائیل کا ; تو بیشک ; اللہ تعالیٰ ; دشمن ہے ; کافروں کا
99	And indeed ; We revealed ; to you ; Verses ; clear ; and not ; disbelieves ; in them ; except ; the defiantly disobedient	اور البتہ تحقیق ; نازل کیں ہم نے ; طرف آپ کے ; آیات ; روشن ; اورنہیں ; کفر کرتے ; ساتھ ان کے ; مگر ; وہ جو فاسق ہیں
100	And is (it not that) whenever ; they took ; a covenant ; threw it away ; a party ; of them ; Nay ; most of them ; (do) not ; believe	کیاجب کبھی ; عہد کیا انہوں نے ; کوئی عہد ; پیچھے پھینک ; ایک گروہ نے ; ان میں سے ; بلکہ ; اکثر ان میں سے ; نہیں ; وہ ایمان لاتے
101	And when ; came to them ; a Messenger ; (of) ; from ; Allah ; confirming ; what ; (was) with them ; threw away ; a party ; of ; those who ; were given ; the Book ; (the) Book ; (of) Allah ; behind ; their backs ; as if they ; (do) not ; know	اور جب ; آگیا ان کے پاس ; ایک رسول ; سے ; پاس سے ; اللہ کے ; جو تصدیق کرنے والا ہے ; واسطے اس چیز کے جو ; ان کے پاس سے ; پھینک دیا ; ایک گروہ نے ; سے ; ان لوگوں میں ; جو دیئے گئے ; کتاب ; کتاب ; اللہ کی ; پیچھے ; اپنے پیٹھوں کے ; گویا کہ وہ ; نہیں ; وہ جانتے
102	And they followed ; what ; recite(d) ; the devils ; over ; (the) kingdom ; (of) Sulaiman ; And not ; disbelieved ; Sulaiman ; [and] but ; the devils ; disbelieved ; they teach ; the people ; [the] magic ; and what ; was sent down ; to ; the two angels ; in Babylon ; Harut ; and Marut ; And not ; they both teach ; any ; one ; unless ; they [both] say ; Only ; we ; (are) a trial ; so (do) not ; disbelieve ; But they learn ; from those two ; what ; [they] causes separation ; with it ; between ; the man ; and his spouse ; And not ; they (could) ; at all [be those who] harm ; with it ; any ; one ; except ; by permission ; (of) Allah ; And they learn ; what ; harms them ; and not ; profits them ; And indeed ; they knew ; that whoever ; buys it ; not ; for him ; in ; the Hereafter ; any ; share ; And surely evil ; (is) what ; they sold ; with it ; themselves ; if ; they were ; (to) know	اور پیچھے پڑگئے / پیروی کرنے لگے ; اس کی جو ; پڑھتے تھے ; شیطان ; اوپر ; بادشاہت ; سلیمان کی ; حالانکہ نہیں ; کفر کیا تھا ; سلیمان نے ; بلکہ / لیکن ; شیاطین نے ; کفر کیا تھا ; وہ تعلیم دیتے تھے ; لوگوں کو ; جادو کی ; اور اس کی جو ; نازل کیا گیا تھا ; اوپر ; دو فرشتوں کے ; بابل میں ; ہاروت ; اور ماروت ( پر) ; اورنہیں ; وہ دونوں سکھاتے تھے ; اور ; کسی ایک کو ; یہاں تک کہ ; وہ دونوں کہتے ; بیشک ; ہم ; آزمائش ہیں/ فتنہ ہیں ; تو نہ ; تم کفر کرو ; تو وہ سیکھتے تھے ; ان دونوں سے ; اس کو جو ; وہ تفریق ڈال دیں ; ساتھ اس کے ; درمیان ; شوہر کے ; اور اس کی بیوی کے ; حالانکہ نہیں تھے ; وہ ; نقصان دینے والے / ضرر پہنچانے والے ; ساتھ اس کے ; سے ; کسی ایک کو ; مگر ; ساتھ اذن ; اللہ کے ; اور وہ سیکھتے تھے ; وہ جو ; نقصان دیتا تھا ان کو ; اور نا ; نفع دیتا ان کو ; اور البتہ تحقیق ; وہ جانتے تھے ; البتہ جو بھی ; خریدے گا اس کو ; نہیں ہے ; اس کے لئیے ; میں ; آخرت ; سے ; کوئی حصہ ; اور البتہ کتنا برا تھا ; جو ; انہوں بیچ ڈالا ; سساتھ اس کے ; اپنی جانوں کو ; کاش ; وہ ہوتے ; وہ جانتے
103	And if ; [that] they ; (had) believed ; and feared (Allah) ; surely (the) reward ; (of) ; from ; Allah ; (would have been) better ; if ; they were ; (to) know	اور اگر ; بیشک وہ ; وہ ایمان لاتے ; اورتقویٰ اختیار کرتے ; البتہ بدلہ پاتے / ثواب پاتے ; سے ; پاس ; اللہ کے ; اچھا / بہتر ; کاش ; وہ ہوتے ; وہ جانتے
104	O you ; who ; believe[d] ; (Do) not ; say ; Raina ; and say ; Unzurna ; and listen ; And for the disbelievers ; (is) a punishment ; painful	اے ; لوگو ! ; جو ایمان لائے ہو ; نہ ; تم کہو ; راعنا / ہماری رعایت کیجئے ; بلکہ کہو ; ہماری طرف نظر کیجئے ; اور سنا کرو ; اورکافروں کے لئے ; عذاب ہے ; دردناک
105	(Do) not ; like ; those who ; disbelieve ; from ; (the) People ; (of) the Book ; and not ; those who associate partners (with Allah) ; that ; (there should) be sent down ; to you ; any ; good ; from ; your Lord ; And Allah ; chooses ; for His Mercy ; whom ; He wills ; And Allah ; (is the) Possessor ; (of) [the] Bounty ; [the] Great	نہیں ; چاہتے دلی طور پر ; وہ لوگ ; جنہوں نے کفر کیا ; سے ; اہل ; کتاب ; اور نا ; وہ جو مشرک ہیں ; یہ کہ ; نازل کی جائے ; اوپر تمہارے ;  ; کوئی بھلائی ; اللہ ; تمہارے رب کی طرف سے ; اور اللہ ; خاص کرلیتا ہے ; اپنی رحمت کے ساتھ ; جس کو ; وہ چاہتا ہے ; اور اللہ ;  ; فضل والا ہے ; بڑے
106	What ; We abrogate ; (of) ; a sign ; or ; [We] cause it to be forgotten ; We bring ; better ; than it ; or ; similar (to) it ; Do not ; you know ; that ; Allah ; over ; every ; thing ; (is) All-Powerful	نہیں ; ہم منسوخ کرتے ہیں ; سے ; کوئی آیت ; یا ; ہم بھلا دیتے ہیں اس کو / محو کردیتے ہیں اس کو / مؤخر کردیتے ہیں اس کو ; ہم لے آتے ہیں ; بہتر ; اس سے ; یا ; اس جیسی ; کیا ; نہیں تم جانتے ; بیشک ; اللہ ; اوپر ; ہر ; چیز کے ; قدرت رکھنے والا ہے
107	Do not ; you know ; that ; Allah ; for Him ; (is the) Kingdom ; (of) the heavens ; and the earth ; And not ; (is) for you ; from ; besides ; Allah ; any ; protector ; and not ; any helper	کیا ; نہیں تم جانتے ; بیشک ; اللہ ; اس کے لئے ہے ; بادشاہت ; آسمانوں کی ; اور زمین کی ; اور نہیں ; تمہارے لئے ; سے ; سوائے ; اللہ کے ; کوئی ; دوست ; اور نا ; کوئی مددگار
108	Or ; (do) you wish ; that ; you ask ; your Messenger ; as ; was asked ; Musa ; from ; before ; And whoever ; exchanges ; [the] disbelief ; with [the] faith ; so certainly ; he went astray (from) ; (the) evenness ; (of) the way	یا ; تم چاہتے ہو ; کہ ; تم سوال کرو ; اپنے رسول سے ; جیسا کہ ; سوال کئے گئے ; موسیٰ ; اس سے ; قبل ; اور جو کوئی ; بدل کرلے گا ; کفر کو ; بدلے ایمان کے ; تو تحقیق ; وہ بھٹک گیا ; سیدھے ; راستے سے
109	Wish[ed] ; many ; from ; (the) People ; (of) the Book ; if ; they could turn you back ; from ; after ; your (having) faith ; (to) disbelievers ; (out of) jealousy ; from ; (of) ; themselves ; (even) from ; after ; [what] ; became clear ; to them ; the truth ; So forgive ; and overlook ; until ; brings ; Allah ; His Command ; Indeed ; Allah ; on ; every ; thing ; (is) All-Powerful	چاہتے ہیں ; بہت سے ; سے ; اہل ; کتاب میں ; کاش ; وہ لوٹادیں تمہیں / وہ پھیرا دیں تمہیں ; سے ; بعد ; ایمان کے تمہارے ; کافر بنا کر ; حسد (کی وجہ سے) ; سے ; پاس ; ان کے نفسوں کے ; سے ; بعد اس کے ; جو ; واضح ہوگیا ; ان کے لئیے ; حق ; پس معاف کردو ; اور در گزر کرو ; یہاں تک کہ ; لے آئے ; اللہ ; فیصلہ اپنا ; بیشک ; اللہ تعالیٰ ; اوپر ; ہر ; چیز کے ; قدرت رکھنے والا ہے
110	And establish ; the prayer ; and give ; [the] zakah ; And whatever ; you send forth ; for yourselves ; of ; good (deeds) ; you will find it ; with ; Allah ; Indeed ; Allah ; of what ; you do ; (is) All-Seer	اور قائم کرو ; نماز کو ; اورادا کرو ; زکوۃ کو ; اور جو ; تم آگے بھیجو گے ; اپنے نفسوں کے لئے ; سے ; کسی بھلائی میں ; تم پاؤ گے اس کو ; پاس ; اللہ کے ; بیشک ; اللہ ; ساتھ اس کے جو ; تم عمل کرتے ہو ; دیکھنے والا ہے
111	And they said ; Never ; will enter ; the Paradise ; except ; who ; is ; (a) Jew[s] ; or ; (a) Christian[s] ; That ; (is) their wishful thinking ; Say ; Bring ; your proof ; if ; you are ; [those who are] truthful	اور وہ کہتے ہیں ; ہرگز نہیں ; داخل ہوگا ; جنت میں ; مگر ; وہ جو ; ہوگا ; یہودی ; یا ; عیسائی ; یہ ; ان کی خواہشات ہیں / ان کی آرزوئیں ہیں ; کہہ دیجئے ; لے آؤ ; دلیل اپنی ; اگر ; ہو تم ; سچے
112	Yes ; whoever ; submits ; his face ; to Allah ; and he ; (is) a good-doer ; so for him ; (is) his reward ; with ; his Lord ; And no ; fear ; (will be) on them ; and not ; they ; (will) grieve	بلکہ / کیوں نہیں ; جس نے ; سپرد کردیا ; اپنا چہرہ / اپنی ذات ; اللہ کے لئے ; اور وہ ; مخلص ہو / محسن ہو / احسان کرنے والا ہو /نیکی کرنے والا ہو ; تو اس کے لئے ; اجر ہے اس کا ; پاس ; اس کے رب کے ; اورنہ (ہوگا) ; کوئی خوف ; اوپر ان کے ; اورنہ ; وہ ; وہ غمگین ہونگے
113	And said ; the Jews ; Not ; the Christians ; (are) on ; anything ; and said ; the Christians ; Not ; the Jews ; (are) on ; anything ; although they ; recite ; the Book ; Like that ; said ; those who ; (do) not ; know ; similar ; their saying ; [So] Allah ; will judge ; between them ; (on the) Day ; (of) Resurrection ; in what ; they were ; [in it] ; differing	اور کہا ; یہود نے ; نہیں ہے ; عیسائی ; اوپر ; کسی چیز کے ; اورکہا ; عیسائیوں نے / نصاریٰ نے ; نہیں ہیں ; یہود ; اوپر ; کسی چیز کے ; حالانکہ وہ ; تلاوت کرتے ہیں ; کتاب کی ; اسی طرح ; کہا ; ان لوگوں نے جو ; نہیں ; جانتے / علم رکھتے ; مانند ; ان کی بات کی ; تو اللہ ; فیصلہ کرے گا ; ان کے درمیان ; دن ; قیامت کے ; اس میں جو ; وہ تھے ; اس میں ; وہ اختلاف کرتے
114	And who ; (is) more unjust ; than (one) who ; prevents ; (the) masajid ; (of) Allah ; to ; be mentioned ; in them ; His name ; and strives ; for ; their destruction ; Those ; Not ; it is ; for them ; that ; they enter them ; except ; (like) those in fear ; For them ; in ; the world ; (is) disgrace ; and for them ; in ; the Hereafter ; (is) a punishment ; great	اور کون ; بڑا ظالم ہے ; اس سے جو ; منع کرے / روکے ; مسجدوں سے ; اللہ کی ; یہ کہ ; ذکر کیا جائے ; ان میں ; نام اس کا ; وہ کوشش کرے ;  ; ان کی ویرانی میں ; یہ لوگ ; نہیں (مناسب) ہے ;  ; ان کے لئیے ; کہ ; وہ داخل ہوں اس میں ; مگر ; ڈرتے ہوۓ ; ان کے لئیے ; میں ; دنیا میں ; رسوائی ہے ; او ر ان کے لئیے ; میں ; آخرت میں ; عذاب ہے ; بہت بڑا
115	And for Allah ; (is) the east ; and the west ; so wherever ; you turn ; [so] there ; (is the) face ; (of) Allah ; Indeed ; Allah ; (is) All-Encompassing ; All-Knowing	اور اللہ ہی کے لئے ہے ; مشرق ; اورمغرب ; تو جہاں کہیں / جدھر بھی ; تم منہ موڑو گے ; تو وہیں / اسی جگہ ; ذات ہے / چہرہ ہے ; اللہ کا ; بیشک ; اللہ ; وسعت والا ہے ; جاننے والا ہے
116	And they said ; has taken ; Allah ; a son ; Glory be to Him ; Nay ; for Him ; (is) what ; (is) in ; the heavens ; and the earth ; All ; to Him ; (are) humbly obedient	اور انہوں نے کہا ; بنائی ہے ; اللہ نے ; اولاد ; پاک ہے وہ ; بلکہ ; اس کے لئے ہے ; جو کچھ ; میں ہے ; آسمانوں ; اور زمین میں ہے ; سارے کے سارے ; اس کے لئے ; تابع فرمان ہیں
117	(The) Originator ; (of) the heavens ; and the earth ; And when ; He decrees ; a matter ; [so] only ; He says ; to it ; Be ; and it becomes	نئے سرے سے پیدا کرنے والا ہے ; آسمانوں کا ; اور زمین کا ; اورجب ; وہ فیصلہ کرتا ہے ; کسی کام کا ; تو بیشک ; وہ کہتا ہے ; واسطے اس کے ; ہوجا ; تو وہ ہو جاتا ہے
118	And said ; those who ; (do) not ; know ; Why not ; speaks to us ; Allah ; or ; comes to us ; a sign ; Like that ; said ; those ; from ; before them ; similar ; their saying ; Became alike ; their hearts ; Indeed ; We have made clear ; the signs ; for people ; (who) firmly believe	اور کہا ; ان لوگوں نے ; نہیں ; علم رکھتے ; کیوں نہیں ; کلام کرتا ہے ; اللہ ; یا ; آتی ہمارے پاس ; کوئی نشانی ; اسی طرح ; کہا تھا ; ان لوگوں نے ; سے ; قبل ان کے ; مانند ; ان کی بات کے ; ملتے جلتے ہیں ; دل ان کے ; تحقیق ; بیان کردیں ہم نے ; آیات ; واسطے ایک قوم ; جو یقین رکھتی ہے
119	Indeed We ; [We] have sent you ; with the truth ; (as) a bearer of good news ; and (as) a warner ; And not ; you will be asked ; about ; (the) companions ; (of) the blazing Fire	بیشک ہم نے ; بھیجا ہم نے آپ کو ; ساتھ حق کے ; خوش خبری دینے والا ; اورڈرانے والا ; اور نہ ; تم سے سوال کیا جائے گا ; بارے میں ; ساتھیوں کے ; جہنم کے
120	And never ; will be pleased ; with you ; the Jews ; and [not] ; the Christians ; until ; you follow ; their religion ; Say ; Indeed ; (the) Guidance ; (of) Allah ; it ; (is) the Guidance ; And if ; you follow ; their desires ; after ; what ; has come to you ; of ; the knowledge ; not ; for you ; from ; Allah ; any ; protector ; and not ; any helper	اور ہرگز نہیں ; راضی ہوں گے ; آپ سے ; یہود ; اورنہ ; عیسائی/ نصائی ; یہاں تک کہ ; تم پیروی کرنے لگ جاؤ ; ان کے طریقے کی ; کہہ دیجئے ; بیشک ; ہدایت ; اللہ ; وہ ہی ; جو ہدایت ہے ; اور البتہ اگر ; پیروی کی تم نے/ اتباع کیا تم نے ; ان کی خواہشات کی ; بعد ; اس کے جو ; آیا تیرے پاس ; سے ; علم ; نہیں ہوگا ; تیرے لئے ; سے ; اللہ (بچانے والا) ; کوئی ; دوست ; اورنہ ; کوئی مددگار
121	Those ; We have given them ; the Book ; recite it ; (as it has the) right ; (of) its recitation ; Those (people) ; believe ; in it ; And whoever ; disbelieves ; in it ; then those ; they ; (are) the losers	وہ لوگ ; دی ہم نے ان کو ; کتاب ; وہ تلاوت کرتے ہیں اس / وہ پڑھتے ہیں اس کو ; (جیسا کہ) حق ہے ; اس کی تلاوت کا ; یہی لوگ ; جو ایمان رکھتے ہیں ; ساتھ اس کے ; اور جو کوئی ; کفر کرے گا ; اس کا ; تو یہی لوگ ; وہ ; جو خسارہ پانے والے / نقصان اٹھانے والے ہیں
122	O Children ; (of) Israel ; Remember ; My Favor ; which ; I bestowed ; upon you ; and that I ; [I] preferred you ; over ; the worlds	اے بنی ; اسرائیل ; یاد کرو ; میری نعمتیں ; وہ جو ; میں نے انعام کی تھیں ; تم پر ; اور بیشک میں نے ; میں نے فضیلت دی تھی تم کو ; تمام ; دنیا والوں پر
123	And fear ; a day ; not ; will avail ; a soul ; (of) ; (another) soul ; anything ; and not ; will be accepted ; from it ; any compensation ; and not ; will benefit it ; any intercession ; and not ; they ; will be helped	اور ڈرو ; اس دن سے ; نہیں ; کام آئے گا ; کوئی نفس ; کسی ; نفس کے ; کچھ بھی ; اورنہ ; قبول کیا جائے گا ; اس سے ; کوئی بدلہ ; اورنہ ; نفع دے گی اس کو ; کوئی سفارش ; اور نہ ; وہ ; مدد کئیے جائیں گے
124	And when ; tried ; Ibrahim ; his Lord ; with words ; and he fulfilled them ; He said ; Indeed I ; (am) the One to make you ; for the mankind ; a leader ; He said ; And from ; my offspring ; He said ; (Does) not ; reach ; My Covenant ; (to) the wrongdoers	اور جب ; آزمایا ; ابراہیم کو ; اس کے رب نے ; ساتھ چند باتوں کے ; تو اس نے پورا کردیا ان کو ; فرمایا ; بیشک میں ; بنانے والا ہوں تجھ کو ; لوگوں کے لئے ; امام ; کہا (ابراہیم نے) ; اور میں سے ; میری اولاد ; فرمایا ; نہیں ; پہنچے گا ; میرا عہد ; ظالموں کو
125	And when ; We made ; the House ; a place of return ; for mankind ; and (a place of) security ; and (said), "Take ; [from] ; (the) standing place ; (of) Ibrahim ; (as) a place of prayer ; And We made a covenant ; with ; Ibrahim ; and Ishmael ; [that] ; [You both] purify ; My House ; for those who circumambulate ; and those who seclude themselves for devotion and prayer ; and those who bow down ; and those who prostrate	اور جب ; بنایا ہم نے ; اس گھر ( خانہ کعبہ کو) ; لوٹنے کی جگہ/ مرجع ; لوگوں کے لئے ; اور امن کی جگہ ; اور بنالو ; سے / کو ; مقام ; ابراہیم کو ; نماز کی جگ ; اور حکم دیا ہم / تاکید کی ہم نے / عہد لیا ہم نے ; سے ; ابراھیم ; اور اسماعیل سے ; یہ کہ ; تم دونوں پاک و صاف کردو ; میرے گھر کو ; واسطے ان کے جو طواف کرنے والے ہیں ; اور جو اعتکاف کرنے والے ہیں ; اور رکوع کرنے والے ہیں ; اور سجدہ کرنے والے ہیں
126	And when ; said ; Ibrahim ; My Lord ; make ; this ; a city ; secure ; and provide ; its people ; with ; fruits ; (to) whoever ; believed ; from them ; in Allah ; and the Day ; the Last ; He said ; And whoever ; disbelieved ; [then] I will grant him enjoyment ; a little ; then ; I will force him ; to ; (the) punishment ; (of) the Fire ; and evil ; (is) the destination	اور جب ; کہا ; ابراہیم نے ; اے میرے رب ; تو بتادے ; اس ; اس شہر کو ; امن والا ; اوررزق دے ; اس کے رہنے والوں کو ; میں سے ; پھلوں ; جو ; ایما لائیں گے ; ان میں سے ; ساتھ اللہ کے ; اوردن ; آخرت کے ; فرمایا ; اور جس نے ; کفر کیا ; تو میں اس کو فائدہ اٹھانے دوں گا ; تھوڑا سا ; پھر ; میں مجبور کروں گا اس کو / گھسیٹوں گا اس کو ; طرف ; عذاب کے ; آگ کے ; بہت ہی بری ہے ; لوٹنے کی جگہ
127	And when ; (was) raising ; Ibrahim ; the foundations ; of ; the House ; and Ishmael ; (saying), "Our Lord ; Accept ; from us ; Indeed You ; [You] (are) ; the All-Hearing ; the All-Knowing	اور جب ; بلند کر رہے تھے ; ابراہیم ; بنیادیں ; کی ; گھر ; اوراسماعیل (وہ کہہ رہے تھے) ; اے ہمارے رب ; تو قبول فرما ; ہم سے ; بیشک تو ; تو ہی ہے ; جو سننے والا ہے ; جو جاننے والا ہے
128	Our Lord ; [and] Make us ; both submissive ; to You ; And from ; our offspring ; a community ; submissive ; to You ; And show us ; our ways of worship ; and turn ; to us ; Indeed You ; [You] (are) ; the Oft-returning ; the Most Merciful	اے ہمارے رب ; اور بنا ہم کو ; فرماں بردار ; اپنے لئے ; اور ; ہماری اولاد میں سے ; ایک امت / ایک جماعت ; جو فرماں بردار ہو / تابع دار ہو ; تیرے لئے ; اوردکھا ہم کو ; ہماری عبادت کے طریقے ; اورمہربان ہو ; ہم پر ; بیشک تو ; تو ہی ; جو توبہ قبول کرنے والا ہے ; بار بار رحم کرنے والا ہے
129	Our Lord ; [And] raise up ; in them ; a Messenger ; from them ; (who) will recite ; to them ; Your Verses ; and will teach them ; the Book ; and the wisdom ; and purify them ; Indeed You ; You (are) ; the All-Mighty ; the All-Wise	اے ہمارے رب ; اور بھیج / اٹھا ; ان میں ; ایک رسول کو ; انہی میں سے ; جو پڑھے / تلاوت کرتا ہو ; ان پر ; تیری آیات ; اورتعلیم دے ان کو / سکھاتا ہو ان کو ; کتاب ; اور حکمت ; اورتزکیہ کرے ان کا ; بیشک تو ; تو ہی ; جو زبردست ہے ; جو حکمت والا ہے
130	And who ; will turn away ; from ; (the) religion ; (of) Ibrahim ; except ; who ; fooled ; himself ; And indeed ; We chose him ; in ; the world ; and indeed he ; in ; the Hereafter ; surely (will be) among ; the righteous	اور کون ہے جو ; منہ موڑے ; سے ; طریقے ; ابراہیم کے ; مگر ; جو جس سے ; ناقص ثابت کیا / بیوقوف بنایا ; اپنے آپ کو ; اورالبتہ تحقیق ; چن لیا تھا ہم نے اس کو ; میں ; دنیا ; اور بیشک وہ ; میں ; آخرت ; ضرور ان میں سے ہوگا جو نیک ہیں ; ضرور ان میں سے ہوگا جو نیک ہیں
131	When ; said ; to him ; his Lord ; Submit (yourself) ; he said ; I (have) submitted (myself) ; to (the) Lord ; (of) the worlds	جب ; کہا ; اس کو ; اس کے رب نے ; فرماں بردار ہوجا / جھک جا ; اس نے کہا ; میں فرماں بردار ہوگیا / میں جھک گیا ; رب کے لئے ; العالمین
132	And enjoined ; [it] ; Ibrahim ; (upon) his sons ; and Yaqub ; O my sons ; Indeed ; Allah ; has chosen ; for you ; the religion ; so not ; (should) you die ; except ; while you ; (are) submissive	اور وصیت کی ; ساتھ اس کے / اسی کی ; ابراہیم نے ; اپنے بیٹوں کو ; اوریعقوب نے ; اے میرے بیٹو ; بیشک ; اللہ نے ; چن لیا ; تمہارے لئے ; دین کو ; تو نہ ; تم مرنا ; مگر ; اس میں حال میں کہ تم ; مسلم ہو
133	Or ; were you ; witnesses ; when ; came to ; Yaqub ; [the] death ; when ; he said ; to his sons ; What ; will you worship ; from ; after me ; They said ; We will worship ; your God ; and (the) God ; (of) your forefathers ; Ibrahim ; and Ishmael ; and Isaac ; God ; One ; And we ; to Him ; (are) submissive	یا ; تھے تم ; حاضر / موجود ; جب ; آرہی تھی ; یعقوب کو ; موت ; جب ; کہا اس نے ; اپنے بیٹوں سے ; کس کی ; تم عبادت کرو گے ;  ; میرے بعد ; انہوں ے کہا ; ہم عبادت کریں گے ; تیرے الٰہ کی ; اور الٰہ (معبود کی) ; تیرے آباؤ اجداد کے ; (یعنی) ابراہیم کے ; اور اسماعیل کے ; اوراسحاق کے ; الہ ; ایک کی ; اور ہم ; اس کے لئیے ; فرماں بردار ہیں
134	This ; (was) a community ; (which) ; has passed away ; for it ; what ; it earned ; and for you ; what ; you have earned ; And not ; you will be asked ; about what ; they used to ; do	یہ ; ایک امت تھی ; تحقیق ; گزر گئی ; اس کے لئے وہ ; جو ; کمایا اس نے ; اور تمہارے لئے ; جو ; کمائی کی تم نے ; اورنہ ; تم سوال کئے جاؤ گے ; اس کے بارے میں جو ; وہ تھے ; وہ عمل کرتے تھے
135	And they said ; Be ; Jews ; or ; Christians ; (then) you will be guided ; Say ; Nay ; (the) religion ; (of) Ibrahim ; (the) upright ; and not ; he was ; of ; those who associated partners (with Allah)	اور انہوں نے کہا ; ہوجاؤ ; یہودی ; یا ; عیسائی ; تم سب ہدایت پا جاؤ گے ; کہہ دیجئے ; (نہیں) بلکہ ; طریقہ ; ابراہیم کا ; جو یکسو تھے ; اورنہیں ; تھے وہ ; سے ; مشرکین میں سے
136	Say ; We have believed ; in Allah ; and what ; (is) revealed ; to us ; and what ; was revealed ; to ; Ibrahim ; and Ishmael ; and Isaac ; and Yaqub ; and the descendants ; and what ; was given ; (to) Musa ; and Isa ; and what ; was given ; (to) the Prophets ; from ; their Lord ; Not ; we make distinction ; between ; any ; of them ; And we ; to Him ; (are) submissive	تم سب کہو ; ایمان لائے ہم ; ساتھ اللہ کے ; اور جو ; نازل کیا گیا ; ہماری طرف ; اورجو ; نازل کیا گیا ; طرف ; ابراہیم کے ; اوراسماعیل کے ; اوراسحاق کے ; اوریعقوب کے ; اور اولاد یعقوب کے ; اور جو ; دیئے گئے ; موسی ; اور عیسی ; اور جو ; دئیے گئے ; انبیاء ; طرف سے ; اپنے رب کی ; نہیں ; ہم فرق کرتے ; درمیان ; کسی ایک کے ; ان میں سے ; اور ہم ; واسطے اسی کے ; فرماں بردار ہیں
137	So if ; they believe[d] ; in (the) like ; (of) what ; you have believed ; in [it] ; then indeed ; they are (rightly) guided ; But if ; they turn away ; then only ; they ; (are) in ; dissension ; So will suffice you against them ; Allah ; and He ; (is) the All-Hearing ; the All-Knowing	پھر اگر ; وہ ایمان لائیں ; مانند اس کے ; جو ; ایمان لائے تم ; ساتھ اس کے ; تو بلاشبہ ; وہ ہدایت پاگئے ; اور اگر ; وہ منہ پھیریں ; تو بیشک ; وہ ; میں ہیں ; ضد / مخالفت ; تو عنقریب کافی ہوگا تجھ کو ان کی طرف سے ; اللہ ; اور وہ ; سننے والا ہے ; جاننے والا ہے
138	(The) color (religion) ; (of) Allah ; And who ; (is) better ; than ; Allah ; at coloring ; And we ; to Him ; (are) worshippers	رنگ ; اللہ ; اور کون ; زیادہ اچھا ہے ; سے ; اللہ ; رنگ میں ; اور ہم ; اس کے لئے ; عبادت کرنے والے ہیں
139	Say ; Do you argue with us ; about ; Allah ; while He ; (is) our Lord ; and your Lord ; And for us ; (are) our deeds ; and for you ; (are) your deeds ; and we ; to Him ; (are) sincere	کہہ دو ; کیا تم جھگڑا کرتے ہو ہم سے ; بارے میں ; اللہ کے ; حالانکہ وہ ; ہمارا رب ہے ; اور تمہارا رب اور ; ہمارے لئے ; ہمارے اعمال ; اور تمہارے لئے ; تمہارے اعمال ; اور ہم ; اس کے لئیے ; مخلص ہیں
140	Or ; (do) you say ; that ; Ibrahim ; and Ishmael ; and Isaac ; and Yaqub ; and the descendants ; were ; Jews ; or ; Christians ; Say ; Are you ; better knowing ; or ; (is) Allah ; And who ; (is) more unjust ; than (the one) who ; concealed ; a testimony ; (that) he has ; from ; Allah ; And not ; (is) Allah ; unaware ; of what ; you do	یا ; تم کہتے ہو ; بیشک ; ابراہیم ; اور اسماعیل ; اوراسحاق ; اوریعقوب ; اوراولاد یعقوب ; وہ سب تھ ; یہودی ; یا ; نَصَٰرَىٰ ; کہہ دیجئے ; کیا تم ; زیادہ جانتے ہو ; یا ; اللہ ; اور کون ; بڑا ظالم ہے ; اس سے جو ; چھپائے ; گواہی کو ; جو اس کے پاس ہے ; کی طرف سے ; اللہ ; اور نہیں ; اللہ ; غافل ; اس سے جو ; تم عمل کرتے ہو
141	This ; (was) a community ; (which) ; has passed away ; for it ; what ; it earned ; and for you ; what ; you have earned ; And not ; you will be asked ; about what ; they used to ; do	یہ ; امت تھی ; تحقیق ; گزر چکی ; اس کے لئے ; جو ; کمایا اس نے ; اور تمہارے لئے ; جو ; کمایا تم نے ; اور نہ ; تم سوال کئے جاؤ گے ; اس کے بارے میں جو ; تھے وہ ; وہ عمل کرتے
142	Will say ; the foolish ones ; from ; the people ; What ; (has) turned them ; from ; their direction of prayer ; which ; they were used to ; [on it] ; Say ; For Allah ; (is) the east ; and the west ; He guides ; whom ; He wills ; to ; a path ; straight	عنقریب کہیں گے ; نادان/بے وقوف ; سے ; لوگوں میں ; کس نے ; پھیر دیا ان کو ; سے ; ان کے قبلے ; وہ جو ; تھے وہ ; اس پر ; کہہ دیجیے ; اللہ ہی کے لیے ہے ; مشرق ; اور مغرب ; وہ ہدایت دیتا ہے ; جسے ; وہ چاہتا ہے ; طرف ; راستے ; سیدھے کے
143	And thus ; We made you ; a community ; (of the) middle way ; so that you will be ; witnesses ; over ; the mankind ; and will be ; the Messenger ; on you ; a witness ; And not ; We made ; the direction of prayer ; which ; you were used to ; [on it] ; except ; that We make evident ; (he) who ; follows ; the Messenger ; from (he) who ; turns back ; on ; his heels ; And indeed ; it was ; certainly a great (test) ; except ; for ; those whom ; guided ; (by) Allah ; And not ; will ; Allah ; let go waste ; your faith ; Indeed ; Allah ; (is) to [the] mankind ; Full of Kindness ; Most Merciful	اور اسی طرح ; بنایا ہم نے تمہیں ; ایک امت ; وسط/درمیانی ; تاکہ تم ہوجاؤ ; گواہ ; پر ; لوگوں ; اور ہوجائے ; رسول ; تم پر ; گواہ ; اور نہیں ; بنایا ہم نے ; اس قبلہ کو ; وہ جو ; تھے آپ ; جس پر ; مگر ; تاکہ ہم جان لیں ; کون ; پیروی کرتا ہے ; رسول کی ; اس سے جو ; پلٹ جاتا ہے ; پر ; اپنی دونوں ایڑیوں ; اور بلاشبہ ; تھی (یہ بات) ; یقیناً بڑا بھاری ; مگر ; پر ; ان لوگوں(جنہیں) ; ہدایت دی ; اللہ نے ; اور نہیں ; ہے ; اللہ ; کہ ضائع کردے ; ایمان تمہارا ; بےشک ; اللہ ; لوگوں پر ; یقیناً شفقت کرنے والا ; نہایت رحم کرنے والاہے
144	Indeed ; We see ; (the) turning ; (of) your face ; towards ; the heaven ; So We will surely turn you ; (to the) direction of prayer ; you will be pleased with ; So turn ; your face ; towards the direction ; (of) Al-Masjid ; Al-Haraam ; and wherever ; that ; you are ; [so] turn ; your faces ; (in) its direction ; And indeed ; those who ; were given ; the Book ; surely know ; that it ; (is) the truth ; from ; their Lord ; And not ; (is) Allah ; unaware ; of what ; they do	تحقیق ; ہم دیکھتے ہیں ; بار بار پھیرنا ; آپ کے چہرہ کا ; میں ; آسمان کی طرف ; پس البتہ ہم ضرور پھیر دیں گے آپ کو ; اس قبلہ (کی طرف ) ; آپ راضی ہوجائیں جس سے ; پس پھیر لیجیے ; اپنے چہرے کو ; طرف ; مسجد ; حرام کے ; اور جہاں کہیں ; ہو ; ہو تم ; پس پھیر لو ; اپنے چہروں کو ; طرف اس کے ; اور بےشک ; وہ جو ; دیے گئے ; کتاب ; البتہ وہ جانتے ہیں ; بےشک وہ ; حق ہے ; سے ; ان کے رب کی طرف ; اور نہیں ; اللہ ; غافل ; اس سے جو ; وہ عمل کرتے ہیں
145	And even if ; you come ; (to) those who ; were given ; the Book ; with all ; (the) signs ; not ; they would follow ; your direction of prayer ; and not ; (will) you (be) ; a follower ; (of) their direction of prayer ; And not ; some of them ; (are) followers ; (of the) direction of prayer ; (of each) other ; And if ; you followed ; their desires ; from ; after ; [what] ; came to you ; of ; the knowledge ; indeed, you ; (would) then ; (be) surely among ; the wrongdoers	اور البتہ اگر ; لائیں آپ (ان کے پاس) ; وہ جو ; دیئے گئے ; کتاب ; ہر ; نشانی ; نہیں ; وہ پیروی کریں گے ; آپ کے قبلے کی ; اور نہیں ; آپ ; پیروی کرنے والے ; ان کے قبلے کی ; اور نہ ; بعض ان کا ; پیروی کرنے والا ہے ; قبلہ کی ; بعض کے ; اور البتہ اگر ; پیروی کی آپ نے ; ان کی خواہشات کی ; سے ; بعد اس کے ; جو ; آ گیا آپ کے پاس ; سے ; علم میں ; بےشک آپ ; تب ; ضرور ; ظالموں میں سے ہوں گے
146	(To) those whom ; We gave [them] ; the Book ; they recognize it ; like ; they recognize ; their sons ; And indeed ; a group ; of them ; surely they conceal ; the Truth ; while they ; know	وہ لوگ جو ; دی ہم نے انہیں ; کتاب ; وہ پہچانتے ہیں اسے ; جیسا کہ ; وہ پہچانتے ہیں ; اپنے بیٹوں کو ; اور بےشک ; ایک گروہ (کے لوگ) ; ان میں سے ; البتہ وہ چھپاتے ہیں ; حق کو ; حالانکہ وہ ; وہ جانتے ہیں
147	The Truth ; (is) from ; your Lord ; so (do) not ; be ; among ; the doubters	حق ; سے ; آپ کے رب کی طرف ; پس نہ ; ہرگز ہوں آپ ; سے ; شک کرنے والوں میں سے
148	And for everyone ; (is) a direction ; he ; turns towards it ; so race ; (to) the good ; Wherever ; that ; you will be ; will bring ; you ; (by) Allah ; together ; Indeed ; Allah ; (is) on ; every ; thing ; All-Powerful	اور ہر ایک کےلیے ; ایک سمت ہے ; وہ ; منہ پھیرنے والا ہے اس کی طرف ; پس سبقت کرو ; نیکیوں میں ; جہاں کہیں بھی ; بھی ; تم ہو گے ; لے آئے گا ; تمہیں ; اللہ ; سب کو ; بےشک ; اللہ ; اوپر ; ہر ; چیز کے ; خوب قدرت رکھنے والا ہے
149	And from ; wherever ; you start forth ; [so] turn ; your face ; (in the) direction ; (of) Al-Masjid ; Al-Haraam ; And indeed, it ; (is) surely the truth ; from ; your Lord ; And not ; (is) Allah ; unaware ; of what ; you do	اور سے ; جہاں کہیں ; تم نکلو ; تو پھیر لو ; اپنے چہرے کو ; طرف ; مسجد ; حرام کے ; اور بیشک وہ ; البتہ حق ہے ; سے ; تیرے رب کی طرف ; اور نہیں ہے ; اللہ ; غافل ; اس سے جو ; تم عمل کرتے ہو
150	And from ; wherever ; you start forth ; [so] turn ; your face ; (in the) direction ; (of) Al-Masjid ; Al-Haraam ; And wherever ; that ; you (all) are ; [so] turn ; your faces ; (in) its direction ; so that not ; will be ; for the people ; against you ; any argument ; except ; those who ; wronged ; among them ; so (do) not ; fear them ; but fear Me ; And that I complete ; My favor ; upon you ; [and] so that you may ; (be) guided	اور سے ; جہاں کہیں ; تم نکلو ; تو پھیر لو ; اپنا چہرہ ; طرف ; مسجد ; حرام کے ; اور جہاں کہیں بھی ; بھی ; ہو تم ; تو پھیر لو۔ کرلو ; اپنے چہروں کو ; اس کی طرف ; تاکہ نہ ; ہو ; لوگوں کے لیے ; تمہارے خلاف ; کوئی حجت ; سوائے ; ان لوگوں کے ; جنہوں نے ظلم کیا ; ان میں سے ; تو نہ ; تم ڈرو ان سے ; بلکہ ڈرو مجھ سے ; اور اس لیے کہ میں پورا کردوں ; اپنی نعمت کو ; تم پر ; اور تاکہ تم ; تم ہدایت پاجاؤ
151	As ; We sent ; among you ; a Messenger ; from you ; (who) recites ; to you ; Our verses ; and purifies you ; and teaches you ; the Book ; and the wisdom ; and teaches you ; what ; not ; you were ; knowing	جیسا کہ ; بھیجا ہم نے ; تم میں ; ایک رسول ; تم میں سے ; وہ تلاوت کرتا ہے ; تم پر ; ہماری آیات ; وہ پاک کرتا ہے تمہیں ; اور وہ سکھاتا ہے تم کو ; کتاب ; اور حکمت ; اور سکھاتا ہے تمہیں ; جو ; نہیں ; تھے تم ; تم جانتے
152	So remember Me ; I will remember you ; and be grateful ; to Me ; and (do) not ; (be) ungrateful to Me	پس یاد کرو مجھے ; میں یاد کروں گا تم کو ; اور شکر کرو ; میرے لیے ; اور نہ ; تم ناشکری کرو میری
153	O you ; who ; believe[d] ; Seek help ; through patience ; and the prayer ; Indeed ; Allah ; (is) with ; the patient ones	اے ; لوگو ! ; جو ایمان لائے ہو ; تم مدد مانگو ; صبر کے ذریعے ; اور نماز کے ذریعے ; بیشک ; اللہ ; ساتھ ہے ; صبر کرنے والوں کے
154	And (do) not ; say ; for (the ones) who ; are slain ; in ; (the) way ; (of) Allah ; (They are) dead ; Nay ; (they are) alive ; [and] but ; you (do) not ; perceive	اور نہ ; تم کہا کرو ; واسطے اس کے ; جو قتل کردیا جائے ; میں ; راستے ; اللہ کے ; وہ مردہ ہیں ; (نہیں) بلکہ ; زندہ ہیں ; لیکن۔ مگر ; نہیں ; تم شعور رکھتے
155	And surely We will test you ; with something ; of ; [the] fear ; and [the] hunger ; and loss ; of ; [the] wealth ; and [the] lives ; and [the] fruits ; but give good news ; (to) the patient ones	اور البتہ ہم ضرور آزمائیں گے تم کو ; ساتھ چند چیزوں کے ; سے ; (یعنی) خوف سے ; اور بھوک سے ; اور نقصان کرنا ; سے ; مالوں ; اور نفسوں سے ; اور پھلوں سے ; اور خوشخبری دے دو ; ان کو جو صبر کرنے والے ہیں
156	Those who ; when ; strikes them ; a misfortune ; they say ; Indeed, we ; belong to Allah ; and indeed we ; towards Him ; will return	یہ وہ لوگ ہیں ; جب ; پہنچتی ہے ان کو ; کوئی پہنچنے والی ; وہ کہتے ہیں ; بیشک ہم ; اللہ کے لیے ہیں ; اور بیشک ہم ; اسی کی طرف ; لوٹ کر جانے والے ہیں
157	Those ; on them ; (are) blessings ; from ; their Lord ; and Mercy ; And those ; [they] ; (are) the guided ones	یہی وہ لوگ ہیں ; جن پر ہیں ; رحمتیں۔ ۔ نوازشیں۔ عنایتیں ; سے ; ان کے رب کی طرف ; اور رحمت ; اور یہی لوگ ہیں ; وہ ; جو ہدایت پانے والے ہیں
158	Indeed ; the Safa ; and the Marwah ; (are) from ; (the) symbols ; (of) Allah ; So whoever ; performs Hajj ; (of) the House ; or ; performs Umrah ; so no ; blame ; on him ; that ; he walks ; between [both of] them ; And whoever ; voluntarily does ; good ; then indeed ; Allah ; (is) All-Appreciative ; All-Knowing	بیشک ; صفا ; اور مروہ ; سے ; نشانیوں میں ہیں ; اللہ کی ; پس جو کوئی ; حج کرے ; بیت اللہ کا ; یا ; عمرہ کرے ; تو نہیں کوئی ; گناہ ; اس پر ; کہ ; وہ طواف کرے ; ان دونوں کا ; اور جو کوئی ; خوشی سے کرے ; کوئی بھی نیکی ; تو بیشک ; اللہ تعالیٰ ; قدر دان ہے ; جاننے والا ہے
159	Indeed ; those who ; conceal ; what ; We revealed ; of ; the clear proofs ; and the Guidance ; from ; after ; [what] ; We made clear ; to the people ; in ; the Book ; those ; curses them ; Allah ; and curse them ; the ones who curse	بیشک ; جو لوگ ; چھپاتے ہیں ; اسے جو ; نازل کیا ہم نے ; سے ; روشن نشانیوں میں ; اور ہدایت میں ; سے ; بعد اس کے ; جو ; بیان کردیا ہم نے اس کو ; لوگوں کے لیے ; میں ; کتاب ; یہی وہ لوگ ہیں ; لعنت کرتا ہے ان پر ; اللہ تعالیٰ ; اور لعنت کرتے ہیں ; لعنت کرنے والے
160	Except ; those ; who repent[ed] ; and reform[ed] ; and openly declar[ed] ; Then those ; I will accept repentance ; from them ; and I (am) ; the Acceptor of Repentance ; the Most Merciful	سوائے ; ان لوگوں کے ; جنہوں نے توبہ کی ; اور جنہوں نے اصلاح کی ; اور جنہوں نے بیان کردیا ; تو یہی وہ لوگ ہیں ; میں مہربان ہوتا ہوں ; ان پر ; اور میں ; بار بار توبہ قبول کرنے والا ; اور رحم کرنے والا ہوں
161	Indeed ; those who ; disbelieve[d] ; and die[d] ; while they ; (were) disbelievers ; those ; on them ; (is the) curse ; (of) Allah ; and the Angels ; and the mankind ; all together	بیشک ; وہ لوگ ; جنہوں نے کفر کیا ; اور وہ مرگئے ; اس حال میں کہ وہ ; کافر تھے ; یہی وہ لوگ ہیں ; ان پر ; لعنت ; اللہ تعالیٰ کی ; اور فرشتوں کی ; اور لوگوں کی ; سب کے سب کی
162	(Will) abide forever ; in it ; Not ; will be lightened ; for them ; the punishment ; and not ; they ; will be reprieved	ہمیشہ رہنے والے ہیں ; اس میں ; نہیں ; ہلکا کیا جائے گا ; ان سے ; عذاب ; اور نہ ; وہ ; مہلت دیئے جائیں گے
163	And your God ; (is) God ; one (only) ; (there is) no ; god ; except ; Him ; the Most Gracious ; the Most Merciful	اور الہ تمہارا ; صرف الہ ہے ; ایک ; نہیں ; کوئی الہ ; مگر ; وہی ; جو نہایت مہربان ; جو بہت رحم کرنے والا ہے
164	Indeed ; in ; (the) creation ; (of) the heavens ; and the earth ; and alternation ; of the night ; and the day ; and the ships ; which ; sail ; in ; the sea ; with what ; benefits ; [the] people ; and what ; (has) sent down ; Allah ; from ; the sky ; [of] ; water ; giving life ; thereby ; (to) the earth ; after ; its death ; and dispersing ; therein ; [of] ; every ; moving creature ; and directing ; (of) the winds ; and the clouds ; [the] controlled ; between ; the sky ; and the earth ; surely (are) Signs ; for a people ; who use their intellect	بیشک ; میں ; پیدائش ; آسمانوں کی ; اور زمین کی ; اور ایک دوسرے کے بعد آنے جانے (میں) ; رات کے ; اور دن ; اور کشتیوں (میں) ; جو ; چلتی ہیں ; میں ; سمندر ; ساتھ اس کے ; وہ نفع دیتا ہے ; لوگوں کو ; اور جو ; اتارا۔ نازل کیا ; اللہ نے ; سے ; آسمان ; سے ; کچھ پانی۔ پانی میں ; پھر اس نے زندہ کیا ; ساتھ اس کے ; زمین کو ; بعد ; اس کی موت کے۔ مردنی کے ; اور اس نے پھیلا دیے ; اس میں ; سے ; ہر طرح کے ; جانور سے۔ رینگنے والے ; اور نیز گردش میں ; ہواؤں کی ; اور بادل میں ; جو مسخر کیے گئے ہیں ; درمیان ; آسمان ; اور زمین ; یقینا نشانیاں ہیں ; واسطے اس قوم کے ; جو عقل رکھتی ہو
165	And among ; the mankind ; who ; takes ; from ; besides ; Allah ; equals ; They love them ; as (they should) love ; Allah ; And those who ; believe[d] ; (are) stronger ; (in) love ; for Allah ; And if ; would see ; those who ; wronged ; when ; they will see ; the punishment ; that ; the power ; (belongs) to Allah ; all ; and [that] ; Allah ; (is) severe ; (in) [the] punishment	اور سے ; لوگوں میں(کہ) ; وہ ہیں جو ; بنا لیتے ہیں ; سے ; سوا ; اللہ کے ; شریک ; وہ محبت کرتے ہیں ان سے ; جیسے محبت کرنا ہوتی ہے ; اللہ سے ; اور وہ لوگ ; جو ایمان لائے ; زیادہ شدید ہیں۔ سخت ہوتے ہیں ; از روئے محبت ; اللہ کے لیے۔ اللہ کے لیے محبت میں ; اور کاش۔ اگر ; دیکھ لیں ; وہ لوگ ; جنہوں نے ظلم کیا۔ شرک کیا ; جب ; وہ دیکھیں گے ; عذاب کو (جان لیں گے) ; بیشک ; تمام تر قوت ; اللہ ہی کے لیے ہے ; ساری کی ساری ; اور بیشک ; اللہ ; سخت ; عذاب (دینے والا ہے)
166	When ; will disown ; those who ; were followed ; [from] ; those who ; followed ; and they will see ; the punishment ; [and] will be cut off ; for them ; the relations	جب ; بیزار ہوں گے۔ برات کا اظہار کریں گے ; وہ لوگ ; جو پیروی کیے گئے ; ان لوگوں سے ; جنہوں نے ; پیروی کی ; اور وہ دیکھ لیں گے ; عذاب کو ; اور کٹ جائیں گے ; ان سے ; تمام اسباب
167	And said ; those who ; followed ; (Only) if ; [that] ; for us ; a return ; then we will disown ; [from] them ; as ; they disown ; [from] us ; Thus ; will show them ; Allah ; their deeds ; (as) regrets ; for them ; And not ; they ; will come out ; from ; the Fire	اور کہیں گے ; وہ لوگ ; جنہوں نے پیروی کی ; کاش ; بیشک ضرور ہوتا ; ہمارے لیے ہوتا ; ایک مرتبہ لوٹنا۔ ایک بار پلٹنا ; تو ہم بےزار ہوجاتے۔ پھر ہم بیزاری کا اظہار کرتے ; ان سے ; جیسا کہ ; وہ بیزار ہوئے ہیں ; ہم سے ; اسی طرح ; دکھائے گا ان کو ; اللہ ; ان کے اعمال ; حسرتیں بنا کر ; ان پر ; اور نہیں ہوں گے ; وہ ; نکلنے والے ; سے ; آگ
168	O ; mankind ; Eat ; of what ; (is) in ; the earth ; lawful ; (and) good ; And (do) not ; follow ; (the) footsteps (of) ; the Shaitaan ; Indeed, he ; (is) to you ; an enemy ; clear	اے ; لوگو ; کھاؤ ; اس میں سے جو ; میں ; زمین ہے ; حلال بنا کر ; پاکیزہ۔ پاک بنا کر ; اور نہ ; تم پیروی کرو ; قدموں کی ; شیطان کے ; بیشک وہ ; تمہاری لیے ; دشمن ہے ; کھلم کھلا
169	Only ; he commands you ; to (do) the evil ; and the shameful ; and that ; you say ; about ; Allah ; what ; not ; you know	بیشک ; وہ حکم دیتا ہے تم کو ; برائی کا ; اور بےحیائی کا ; اور یہ کہ ; تم کہو ; اوپر ; اللہ کے ; جو ; نہیں ; تم جانتے
170	And when ; it is said ; to them ; Follow ; what ; has revealed ; Allah ; they said ; Nay ; we follow ; what ; we found ; [on it] ; our forefathers (following) ; Even though ; [were] ; their forefathers ; (did) not ; understand ; anything ; and not ; were they guided	اور جب ; کہا جاتا ہے ; ان کے لیے ; پیروی کرو ; اس کی جو ; اتارا ; اللہ نے ; وہ کہتے ہیں ; بلکہ ; ہم پیروی کریں گے ; اس کی جو ; جو پایا ہم نے ; اس پر ; اپنے آباؤاجداد کو ; کیا بھلا اگرچہ ; ہوں ; ان کے آباؤ اجداد ; نہ ; عقل رکھتے ; کسی چیز کی ; اور نہ ; وہ ہدایت یافتہ ہوں
171	And (the) example ; (of) those who ; disbelieve[d] ; (is) like (the) example ; (of) the one who ; shouts ; at what ; not ; (does) hear ; except ; calls ; and cries ; deaf ; dumb ; (and) blind ; [so] they ; (do) not ; understand	اور مثال ; ان لوگوں کی ; جنہوں نے کفر کیا ; مانند مثال ; اس شخص کے ہے ; جو پکارتا ہے ; اس کو جو ; نہیں ; سنتا ; مگر ; پکار ; اور آواز ; بہرے ہیں ; گونگے ہیں ; اندھے ہیں ; تو وہ ; نہیں ; عقل رکھتے۔ سمجھتے
172	O you ; who ; believe[d] ; Eat ; from ; (the) good ; (of) what ; We have provided you ; and be grateful ; to Allah ; if ; you ; alone ; worship Him	اے ; لوگو ; جو ایمان لائے ہو ; کھاؤ تم ; سے ; پاکیزہ چیزوں میں ; جو ; رزق دیا ہم نے تم کو ; اور شکر کرو ; اللہ کے لیے ; اگر ; ہو تم ; صرف اسی کی ; تم عبادت کرتے
173	Only ; He has forbidden ; to you ; the dead animals ; and [the] blood ; and flesh ; (of) swine ; and what ; has been dedicated ; [with it] ; to other than ; Allah ; So whoever ; (is) forced by necessity ; without ; (being) disobedient ; and not ; transgressor ; then no ; sin ; on him ; Indeed ; Allah ; (is) Oft-Forgiving ; Most Merciful	بیشک ; اس نے حرام کیا ; تم پر ; مردار کو ; اور خون کو ; اور گوشت کو ; خنزیر کے ; اور اس کو ; جو پکارا گیا ; ساتھ اس کے ; واسطے غیر ; اللہ کے ; تو جو کوئی ; مجبور کیا گیا ; نہ ; رغبت کرنے والا ہو ; اور نہ ; حد سے بڑھنے والا ہو۔ باغی ہو ; تو نہیں ; کوئی گناہ ; اوپر اس کے ; بیشک ; اللہ ; بخشنے والا ہے ; مہربان ہے
174	Indeed ; those who ; conceal ; what ; (has) revealed ; Allah (has) ; of ; the Book ; and they purchase ; there with ; a gain ; little ; Those ; not ; they eat ; in ; their bellies ; except ; the Fire ; And not ; will speak to them ; Allah ; (on the) Day ; (of) [the] Judgment ; and not ; will He purify them ; and for them ; (is) a punishment ; painful	بیشک ; وہ لوگ ; جو چھپاتے ہیں ; اس کو جو ; نازل کیا ; اللہ نے ; سے ; کتاب میں ; اور وہ لے لیتے ہیں ; اس کے بدلے ; قیمت ; تھوڑی ; یہی لوگ ہیں جو ; نہیں ; کھاتے ; میں ; اپنے پیٹوں ; مگر ; آگ ; اور نہیں ; کلام کرے گا ان سے ; اللہ ; دن ; قیامت کے ; اور نہ ; ان کو پاک کرے گا ; اور ان کے لیے ہے ; عذاب ; دردناک
175	Those ; (are) they who ; purchase[d] ; [the] astraying ; for [the] Guidance ; and [the] punishment ; for [the] forgiveness ; So what (is) ; their endurance ; on ; the Fire	یہی وہ ; لوگ ; جنہوں نے خرید لیا ; گمراہی کو ; بدلے ہدایت کے ; اور عذاب کو ; بدلے مغفرت کے ; تو کتنا ; صبر ہے ان کا۔ تو کس چیز نے صابر بنادیا ہے ان کو ; اوپر ; آگ کے
176	That ; (is) because ; Allah ; revealed ; the Book ; with [the] Truth ; And indeed ; those ; who differed ; in ; the Book ; (are) surely in ; schism ; far	یہ ; بوجہ اس کے ۔ بیشک ; اللہ نے ; نازل کیا ; کتاب کو ; ساتھ حق کے ; اور بیشک ; وہ لوگ ; جنہوں نے اختلاف کیا ; میں ; کتاب ; البتہ میں ; مخالفت میں ہیں۔ بدبختی میں ہیں ; دور کی
177	It is not ; [the] righteousness ; that ; you turn ; your faces ; towards ; the east ; and the west ; [and] but ; the righteous[ness] ; (is he) who ; believes ; in Allah ; and the Day ; [the] Last ; and the Angels ; and the Book ; and the Prophets ; and gives ; the wealth ; in ; spite of his love (for it) ; (to) those ; (of) the near relatives ; and the orphans ; and the needy ; and (of) ; the wayfarer ; and those who ask ; and in ; freeing the necks (slaves) ; and (who) establish ; the prayer ; and give ; the zakah ; and those who fulfill ; their covenant ; when ; they make it ; and those who are patient ; in ; [the] suffering ; and [the] hardship ; and (the) time ; (of) [the] stress ; Those ; (are) the ones who ; are true ; and those ; [they] ; (are) the righteous	نہیں ہے ; نیکی ; کہ ; تم پھیر لو ; اپنے چہروں کو ; طرف ; مشرق کے ; اور مغرب کے ; اور لیکن ; نیکی یہ ہے ; جو ; ایمان لایا ; ساتھ اللہ کے ; اور یوم ; آخرت کے ; اور فرشتوں کے ; اور کتاب کے ; اور نبیوں کے ; اور اس نے دیا ; مال کو ; اوپر ; اس کی محبت۔ اس کی محبت کے باوجود ;  ; رشتہ داروں کو ; اور یتیموں کو ; اور مسکینوں کو ; اور ; مسافروں کو ; اور سوال کرنے والوں کو ; اور میں ; گردنیں (چھڑانے) ; اور قائم کرے ; نماز کو ; اور دے ; زکوۃ کو ; اور جو پورا کرنے والے ہیں ; اپنے عہد کو ; جب ; وہ عہد کریں ; اور جو صبر کرنے والے ہیں ; میں ; تنگ دستی میں ; اور تکلیف میں ; اور وقت ; جنگ میں ; یہی لوگ ; وہ لوگ ہیں ; جنہوں نے سچ کہا ; اور یہی لوگ ; وہ ہیں ; جو متقی ہیں
178	O you ; who ; believe[d] ; Prescribed ; for you ; (is) the legal retribution ; in ; (the matter of) the murdered ; the freeman ; for the freeman ; and the slave ; for the slave ; and the female ; for the female ; But whoever ; is pardoned ; [for it] ; from ; his brother ; anything ; then follows up ; with suitable ; [and] payment ; to him ; with kindness ; That (is) ; a concession ; from ; your Lord ; and mercy ; Then whoever ; transgresses ; after ; that ; then for him ; (is) a punishment ; painful	اے ; لوگو ; جو ایمان لائے ہو ; لکھ دیا گیا ہے ; تم پر ; بدلہ لینا ; میں ; مقتولوں کے (بارے میں) ; آزاد ; بدلے آزاد کے ; اور غلام ; بدلے غلام کے ; اور عورت ; بدلے عورت کے ; تو جو کوئی ; معاف کردیا گیا ; واسطے اس کے ; سے ; اس کے بھائی (کی طرف) ; کوئی چیز ; تو پیروی کرنا ہے ; ساتھ بھلے طریقے کے ; اور ادا کرنا ہے ; طرف اس کے ; ساتھ احسان کے ; یہ ; رعایت ہے۔ کمی ہے۔ آسانی ہے ; سے ; تمہارے رب کی طرف ; اور رحمت ہے ; تو جو کوئی ; زیادتی کرے ; بعد ; اس کے ; تو اس کے لیے ; عذاب ہے ; دردناک
179	And for you ; in ; the legal retribution ; (is) life ; O men ; (of) understanding ; So that you may ; (become) righteous	اور تمہارے لیے ; میں ; بدلہ لینے ; زندگی ہے ; اے عقل والو ; عقل والو ; تاکہ تم ; تم بچو۔ تم پر ہیزگار ہوجاؤ
180	Prescribed ; for you ; when ; approaches ; any of you ; [the] death ; if ; he leaves ; good ; (making) the will ; for the parents ; and the near relatives ; with due fairness ; a duty ; on ; the righteous ones	لکھ دیا گیا ; تم پر ; جب ; حاضر ہوا۔ آنے لگے ; تم میں سے کسی ایک کو ; موت ; اگر ; وہ چھوڑ جائے ; مال کو ; وصیت کرنا ہے ; والدین کے لیے ; اور رشتہ داروں کے لیے ; بھلے طریقے سے ; یہ حق ہے ; پر ; متقی لوگوں (پر)
181	Then whoever ; changes it ; after what ; he (has) heard [it] ; so only ; its sin ; (would be) on ; those who ; alter it ; Indeed ; Allah ; (is) All-Hearing ; All-Knowing	تو جو کوئی ; بدل دے اس کو ; بعد اس کے ; تو بیشک ; گناہ اس کا ; اوپر ; ان لوگوں کے ہے ; جو بدل دیتے ہیں اس کو ; بیشک ; بیشک ; اللہ تعالیٰ ; سننے والا ہے ; جاننے والا ہے
182	But whoever ; fears ; from ; (the) testator ; (any) error ; or ; sin ; then reconciles ; between them ; then (there is) no ; sin ; on him ; Indeed ; Allah ; (is) Oft-Forgiving ; All-Merciful	تو جو کوئی ; خوف کرے ; سے ; وصیت کرنے والے ; طرف داری کا ; یا ; گناہ کا ; تو اصلاح کرا دے ; ان کے درمیان ; تو نہیں ہے ; کوئی گناہ ; اس پر ; بیشک ; اللہ ; بخشنے والا ; بڑا مہربان ہے
183	O you ; who ; believe[d] ; Is prescribed ; for you ; [the] fasting ; as ; was prescribed ; to ; those ; from ; before you ; so that you may ; (become) righteous	اے ; لوگو ; جو ایمان لائے ہو ; لکھ دیے گئے ; تم پر ; روزے ; جیسا کہ ; لکھ دیے گئے ; اوپر ; ان لوگوں کے ; سے ; جو تم سے پہلے تھے ; تاکہ تم ; تقوی اختیار کرو۔ متقی بن جاؤ
184	(Fasting for) days ; numbered ; So whoever ; is ; among you ; sick ; or ; on ; a journey ; then a prescribed number ; of ; days ; other ; And on ; those who ; can afford it ; a ransom ; (of) feeding ; a poor ; And whoever ; volunteers ; good ; then it ; (is) better ; for him ; And to ; fast ; (is) better ; for you ; if ; you ; know	یہ دن ہیں ; گنے چنے ; تو جو کوئی ; ہو ; تم میں سے ; مریض۔ بیمار ; یا ; ہو اوپر ; سفر کے ; تو گنتی پوری کرنا ہے ; سے ; دنوں ; دوسرے ; اور اوپر ; ان لوگوں کے ; جو طاقت رکھتے ہوں اس کی ; فدیہ ہے ; کھانا ; ایک مسکین کا ; تو جو کوئی ; خوشی سے کرے ; کوئی نیکی ; تو وہ ; بہتر ہے۔ اچھا ہے ; اس کے لیے ; اور یہ کہ ; تم روزے رکھو ; بہتر ہے۔ اچھا ہے ; تمہارے لیے ; اگر ; ہو تم ; تم جانتے
185	Month ; (of) Ramadhaan ; (is) that ; was revealed ; therein ; the Quran ; a Guidance ; for mankind ; and clear proofs ; of ; [the] Guidance ; and the Criterion ; So whoever ; witnesses ; among you ; the month ; then he should fast in it ; and whoever ; is ; sick ; or ; on ; a journey ; then prescribed number (should be made up) ; from ; days ; other ; Intends ; Allah ; for you ; [the] ease ; and not ; intends ; for you ; [the] hardship ; so that you complete ; the prescribed period ; and that you magnify ; Allah ; for ; [what] ; He guided you ; so that you may ; (be) grateful	مہینہ ; رمضان کا ; وہ ہے جو ; نازل کیا گیا ; اس میں ; قرآن ; جو ہدایت ہے ; لوگوں کے لیے ; اور روشن نشانیاں ہیں۔ دلائل ہیں ; سے ; ہدایت میں ; اور فرقان سے ; تو جو کوئی ; پائے۔ حاضر ہو ; تم میں سے ; مہینے کو ; پس چاہیے کہ وہ روزے رکھے اس کے ; اور جو ; ہو ; مریض۔ بیمار ; یا ; اوپر ; سفر کے ; تو گنتی (پوری کرنا ہے) ; سے ; دنوں ; دوسرے ; چاہتا ہے ; اللہ ; ساتھ تمہارے ; آسانی ; اور نہیں ; چاہتا ; ساتھ تمہارے ; تنگی ; اور تاکہ تم مکمل کرو۔ تم پوری کرو ; گنتی کو ; اور تاکہ تم بڑائی بیان کرو ; اللہ کی ; اوپر ; (اس کے) جو ; اس نے ہدایت دی تم کو ; اور تاکہ تم ; تم شکر ادا کرو
186	And when ; ask you ; My servants ; about Me ; then indeed I am ; near ; I respond ; (to the) invocation ; (of) the supplicant ; when ; he calls Me ; So let them respond ; to Me ; and let them believe ; in Me ; so that they may ; (be) led aright	اور جب ; سوال کریں تجھ سے ; میرے بندے ; میرے بارے میں ; تو بیشک میں ; قریب ہوں ; میں جواب دیتا ہوں ; پکار کا۔ دعا کا ; پکارنے والے کی ; جب بھی ; وہ پکارے مجھے۔ وہ پکارتا ہے مجھ کو ; پس چاہیے کہ وہ بات مانیں ; میرے لیے ; اور چاہیے کہ وہ ایمان لائیں۔ یقین رکھیں ; ساتھ میرے ; تاکہ وہ ; وہ راہ راست پائیں
187	Permitted ; for you ; (in the) nights ; (of) fasting ; (is) the approach ; to ; your wives ; They ; (are) garments ; for you ; and you ; (are) garments ; for them ; Knows ; Allah ; that you ; used to ; deceive ; yourselves ; so He turned ; towards you ; and He forgave ; [on] you ; So now ; have relations with them ; and seek ; what ; has ordained ; Allah ; for you ; And eat ; and drink ; until ; becomes distinct ; to you ; the thread ; [the] white ; from ; the thread ; [the] black ; of ; [the] dawn ; Then ; complete ; the fast ; till ; the night ; And (do) not ; have relations with them ; while you ; (are) secluded ; in ; the masajid ; These ; (are the) limits ; (set by) Allah ; so (do) not ; approach them ; Thus ; makes clear ; Allah ; His verses ; for [the] people ; so that they may ; (become) righteous	حلال کیا گیا ; تمہارے لیے ; رات میں ; روزوں کو ; رغبت کرنا ; طرف ; تمہاری بیویوں کے ; وہ ; لباس ہیں ; تمہارے لیے ; اور تم ; لباس ہو ; ان کے لیے ; جان لیا ; اللہ نے ; بیشک تم ; تھے تم ; تم خیانت کرتے۔ تم خیانت کر رہے ; اپنے نفسوں سے ; تو وہ مہربان ہوا ; تم پر ; اور اس نے درگزر کیا ; تم سے ; تو (پس) اب ; مباشرت کرو ان سے ; اور تلاش کرو ; جو ; لکھا ; اللہ نے ; تمہارے لیے ; اور کھاؤ ; اور پیو ; یہاں تک کہ ; واضح ہوجائے۔ ظاہر ہوجائے ; تمہارے لیے ; دھاگہ ; سفید ; سے ; دھاگے ; سیاہ (سے) ; سے ; فجر سے (فجر کے وقت) ; پھر ; تم پورا کرو ; روزے کو ; تک ; رات ; اور نہ ; تم مباشرت کرو ان سے ; اس حال میں کہ تم ; اعتکاف کرنے والے ہو ; میں ; مسجدوں (میں) ; یہ ; حدود ہیں ; اللہ کی ; تو نہ ; تم قریب جانا ان کے ; اسی طرح ; بیان کرتا ہے ; اللہ ; آیات اپنی ; لوگوں کے لیے ; تاکہ وہ ; بچیں
188	And (do) not ; eat ; your properties ; among yourselves ; wrongfully ; and present ; [with] it ; to ; the authorities ; so that you may eat ; a portion ; from ; (the) wealth ; (of) the people ; sinfully ; while you ; know	اور نہ ; تم کھاؤ ; اپنے مال ; آپس میں ; ساتھ باطل طریقے کے ; اور تم پہنچاتے ہو ; ان کو ; طرف ; حاکموں کے ; تاکہ تم کھاؤ ; ایک حصہ ; سے ; مال ; لوگوں کے ; ساتھ گناہ کے ; حالانکہ تم ; تم جانتے ہو
189	They ask you ; about ; the new moons ; Say ; They ; (are) indicators of periods ; for the people ; and (for) the Hajj ; And it is not ; [the] righteousness ; that ; you come ; (to) the houses ; from ; their backs ; [and] but ; [the] righteous ; (is one) who ; fears (Allah) ; And come ; (to) the houses ; from ; their doors ; And fear ; Allah ; so that you may ; (be) successful	وہ سوال کرتے ہیں آپ سے ; بارے میں ; (نئے) چاند کے بارے میں ; کہہ دیجیے ; وہ ; اوقات کا مقرر کرنا ہے ; لوگوں کے لیے ; اور حج کے لیے ; اور نہیں ہے ; نیکی۔ نیک ہونا ; یہ کہ ; تم آؤ ; گھروں کو ; سے ; ان کی پچھلی طرف سے ; اور لیکن ; نیکی۔ نیک ہونا ; جو ; تقویٰ اختیار کرے ; اور آؤ تم ; گھروں کو ; سے ; ان کے دروازوں سے ; اور ڈرو ; اللہ سے ; تاکہ تم ; تم فلاح پا جاؤ
190	And fight ; in ; (the) way ; (of) Allah ; those who ; fight you ; and (do) not ; transgress ; Indeed ; Allah ; (does) not ; like ; the transgressors	اور لڑو ; میں ; راستے ; اللہ کے ; ان لوگوں سے ; جو لڑتے ہیں تم سے ; اور نہ ; تم زیادتی کرو ; بیشک ; اللہ ; نہیں ; پسند کرتا ; زیادتی کرنے والوں کو
191	And kill them ; wherever ; you find them ; and drive them out ; from ; wherever ; they drove you out ; and [the] oppression ; (is) worse ; than ; [the] killing ; And (do) not ; fight them ; near ; Al-Masjid ; Al-Haraam ; until ; they fight you ; in it ; Then if ; they fight you ; then kill them ; Such ; (is the) reward ; (of) the disbelievers	اور قتل کرو ان کو ; جہاں بھی ; تم پاؤ ان کو ; اور نکالو ان کو ; سے ; جہاں ; انہوں نے نکالا تم کو ; اور فتنہ ; زیادہ سخت ہے ; سے ; قتل ; اور نہ ; تم لڑو ان سے ; پاس ; مسجد ; حرام کے ; یہاں تک کہ ; وہ لڑیں تم سے ; اس میں ; پھر اگر ; وہ لڑیں تم سے ; تو قتل کرو ان کو ; یہی ; بدلہ ہے ; کافروں کا
192	Then if ; they cease ; then indeed ; Allah ; (is) Oft-Forgiving ; Most Merciful	پھر اگر ; وہ باز آجائیں۔ وہ رک جائیں ; تو بیشک ; اللہ ; بخشنے والا ; مہربان ہے
193	And fight (against) them ; until ; not ; (there) is ; oppression ; and becomes ; the religion ; for Allah ; Then if ; they cease ; then (let there be) no ; hostility ; except ; against ; the oppressors	اور لڑو ان سے ; یہاں تک کہ ; نہ ; رہے۔ ہو ; فتنہ ; اور ہوجائے ; دین ; صرف اللہ کے لیے ; پھر اگر ; وہ رک جائیں۔ باز آجائیں ; تو نہیں ہے ; کوئی زیادتی ; مگر ; اوپر ; ظالموں کے
194	The month ; [the] sacred ; (is) for the month ; [the] sacred ; and for all the violations ; (is) legal retribution ; Then whoever ; transgressed ; upon you ; then you transgress ; on him ; in (the) same manner ; (as) ; he transgressed ; upon you ; And fear ; Allah ; and know ; that ; Allah ; (is) with ; those who fear (Him)	ماہ ; حرام ; بدلے ماہ ; حرام کے ; اور حرمتوں کا ; بدلہ ہے ; تو جو کوئی ; زیادتی کرے ; تم پر ; تو زیادتی کرو ; اس پر ; مانند اس کے ; جو ; زیادتی کی اس نے ; تم پر ; اور ڈرو ; اللہ سے ; اور جان لو ; بیشک ; اللہ ; ساتھ ہے ; تقویٰ کرنے والوں کے
195	And spend ; in ; (the) way ; (of) Allah ; and (do) not ; throw (yourselves) ; [with your hands] ; into ; [the] destruction ; And do good ; indeed ; Allah ; loves ; the good-doers	اور خرچ کرو ; میں ; راستے ; اللہ کے ; اور نہ ; تم ڈالو (خود کو) ; ساتھ اپنے ہاتھوں کو ; طرف ; ہلاکت کے۔ میں ; اور احسان کرو ; بیشک ; اللہ ; محبت رکھتا ہے ; احسان کرنے والوں سے
196	And complete ; the Hajj ; and the Umrah ; for Allah ; And if ; you are held back ; then (offer) whatever ; (can be) obtained with ease ; of ; the sacrificial animal ; And (do) not ; shave ; your heads ; until ; reaches ; the sacrificial animal ; (to) its destination ; Then whoever ; is ; among you ; ill ; or ; he (has) ; an ailment ; of ; his head ; then a ransom ; of ; fasting ; or ; charity ; or ; sacrifice ; Then when ; you are secure ; then whoever ; took advantage ; of the Umrah ; followed ; (by) the Hajj ; then (offer) whatever ; (can be) obtained with ease ; of ; the sacrificial animal ; But whoever ; (can) not ; find ; then a fast ; (of) three ; days ; during ; the Hajj ; and seven (days) ; when ; you return ; This ; (is) ten (days) ; in all ; That ; (is) for (the one) whose ; not ; is ; his family ; present ; (near) Al-Masjid ; Al-Haraam ; And fear ; Allah ; and know ; that ; Allah ; (is) severe ; (in) retribution	اور پورا کرو ; حج کو ; اور عمرے کو ; اللہ کے لیے ; پھر اگر ; تم گھیر لیے جاؤ ; تو جو ; میسر آجائے ; سے ; قربانی ; اور نہ ; تم منڈاؤ ; اپنے سروں کو ; یہاں تک کہ ; پہنچ جائے ; قربانی ; اپنی حلال گاہ کو ; تو جو کوئی ; ہو ; تم میں سے ; مریض ; یا ; ساتھ اس کے ; تکلیف ہو ; سے ; اس کے سر سے ; تو فدیہ دینا ہے ; سے ; روزے سے ; یا ; صدقہ سے ; یا ; قربانی سے ; تو جب ; امن میں آجاؤ تم ; تو جو کوئی ; فائدہ اٹھائے ; عمرے کا ; تک ; حج تک ; تو جو بھی ; میسر آئے ; سے ; قربانی سے ; تو جو کوئی ; نہ ; پائے ; تو روزے رکھنا ہے ; تین ; دن کے ; میں ; حج میں ; اور سات (روزے) ; جب ; لوٹو تم ; یہ ; دس ہیں ; پورے ; یہ ; واسطے اس کے جو ; نہ ; ہوں ; اس کے گھر والے ; موجود ; مسجد ; حرام کے ; اور ڈرو ; اللہ سے ; اور جان لو ; بیشک ; اللہ ; سخت ; سزا والا ہے
197	(For) the Hajj ; (are) months ; well known ; then whoever ; undertakes ; therein ; the Hajj ; then no ; sexual relations ; and no ; wickedness ; and no ; quarrelling ; during ; the Hajj ; And whatever ; you do ; of ; good ; knows it ; Allah ; And take provision ; (but) indeed ; (the) best ; provision ; (is) righteousness ; And fear Me ; O men ; (of) understanding	حج (کے) ; مہینے ہیں ; معلوم۔ جانے بوجھے ; تو جو کوئی ; فرض کرے ; ان میں ; حج کو ; تو نہ ; عورتوں کی طرف رغبت کرے۔ کوئی شہواتی فعل کرے ; اور نہ ; کوئی گناہ کے کام ; اور نہ ; کوئی جھگڑا کرے ; میں ; حج میں۔ حج کے دوران ; اور جو ; تم کرو گے ; سے ; بھلائی ۔ نیکی میں سے ; جان لے گا اسے ; اللہ ; اور تم زاد راہ لے لیا کرو ; تو بیشک ; بہترین ; زاد راہ ; تقوی ہے ; اور ڈرو مجھ سے ; اے ; عقل والو
198	Not is ; on you ; any sin ; that ; you seek ; bounty ; from ; your Lord ; And when ; you depart ; from ; (Mount) Arafat ; then remember ; Allah ; near ; the Monument ; [the] Sacred ; And remember Him ; as ; He (has) guided you ; [and] though ; you were ; [from] ; before [it] ; surely among ; those who went astray	نہیں ہے ; تم پر ; کوئی گناہ ; کہ ; تم تلاش کرو ; فضل کو ; سے ; اپنے رب کی طرف ; پھر جب ; تم پلٹو ; سے ; عرفات ; تو یاد کرو ; اللہ کا ; پاس ; مشعر ; حرام کے (مزدلفہ) ; اور یاد کرو اس کو ; جیسا کہ ; اس نے راہنمائی کی تمہاری ; اور بیشک ; تھے تم ; سے ; اس سے قبل ; البتہ ان میں سے جو ; راہ گم کردہ ہیں
199	Then ; depart ; from ; wherever ; depart ; the people ; and ask forgiveness ; (of) Allah ; Indeed ; Allah ; (is) Oft-Forgiving ; Most Merciful	پھر ; تم پلٹو ; سے ; جہاں ; پلٹتے ہیں ; لوگ ; اور بخشش مانگو ; اللہ سے ; بیشک ; اللہ تعالیٰ ; بخشنے والا ; مہربان ہے
200	Then when ; you complete[d] ; your acts of worship ; then remember ; Allah ; as you remember ; your forefathers ; or ; (with) greater ; remembrance ; And from ; the people ; who ; say ; Our Lord ; Grant us ; in ; the world ; And not ; for him ; in ; the Hereafter ; [of] ; any share	پھر جب ; پورے کرچکو تم ; اپنے مناسک۔ حج کے طریقے ; تو یاد کرو ; اللہ کو ; جیسا کہ یاد کرنا ہے تمہارا ; اپنے باپ دادا کو ; یا ; زیادہ شدید ; ذکر ; پس سے ; لوگوں میں سے ; کوئی وہ ہے ; جو کہتا ہے ; اے ہمارے رب ; دے ہم کو ; میں ; دنیا ; اور نہیں ہوتا ; اس کے لیے ; میں ; آخرت میں ; سے ; کوئی حصہ
201	And from those ; who ; say ; Our Lord ; Grant us ; in ; the world ; good ; and in ; the Hereafter ; good ; and save us ; (from the) punishment ; (of) the Fire	اور ان میں سے ; کوئی ; کہتا ہے ; اے ہمارے رب ; دے ہم کو ; میں ; دنیا ; بھلائی ; اور میں ; آخرت ; بھلائی ; اور تو بچا ہم کو ; عذاب سے ; آگ کے
202	Those ; for them ; (is) a share ; of what ; they earned ; and Allah ; (is) swift ; (in taking) account	یہی لوگ ہیں ; جن کے لیے ہے ; ایک حصہ ; اس سے جو ; انہوں نے کمایا ; اور اللہ ; جلدی لینے والا ہے ; حساب کا
203	And remember ; Allah ; during ; days ; numbered ; Then (he) who ; hurries ; in ; two days ; then no ; sin ; upon him ; and whoever ; delays ; then no ; sin ; upon him ; for (the one) who ; fears ; And fear ; Allah ; and know ; that you ; unto Him ; will be gathered	اور یاد کرو ; اللہ کو ; میں ; دنوں ; گنے چنے ; تو جو کوئی ; جلدی کرے ; میں ; دو دنوں ; تو نہیں ہے ; کوئی گناہ ; اس پر ; اور جو ; تاخیر کرے۔ دیرے کرے ; تو نہیں ہے ; کوئی گناہ ; اس پر ; واسطے اس کے جو ; تقوی اختیار کرے ; اور ڈرو ; اللہ سے ; اور جان لو ; بیشک تم ; اس کی طرف ; تم اکٹھے کیے جاؤ گے
204	And of ; the people ; (is the one) who ; pleases you ; (with) his speech ; in ; the life ; (of) the world ; and he calls to witness ; Allah ; on ; what ; (is) in ; his heart ; and he ; (is) the most quarrelsome ; (of) opponents	اور سے ; لوگوں ; کوئی وہ ہے ; جو اچھی لگتی ہے تجھ کو۔ جو پسند آتی ہے تجھ کو ; بات اس کی ; میں ; زندگی میں ; دنیا کی ; اور وہ گواہ بناتا ہے ; اللہ کو ; اوپر ; اس کے جو ; میں ; اس کے دل میں ہے ; حالانکہ وہ ; سخت جھگڑالو ; جھگڑنے والوں میں سے ہے۔ جھگڑے میں
205	And when ; he turns away ; he strives ; in ; the earth ; to spread corruption ; [in it] ; and destroys ; the crops ; and progeny ; And Allah ; (does) not ; love ; [the] corruption	اور جب ; وہ منہ موڑتا ہے۔ پلٹ کرجاتا ہے ; کوشش کرتا ہے۔ دوڑ دھوپ کرتا ہے ; میں ; زمین ; تاکہ وہ فساد کرے ; اس میں ; اور تاکہ وہ ہلاک کرے ; کھیتی کو ; اور نسل کو ; اور اللہ ; نہیں ; پسند کرتا ; فساد کو
206	And when ; it is said ; to him ; Fear ; Allah ; takes him ; (his) pride ; to [the] sins ; Then enough for him ; (is) Hell ; [and] surely an evil ; [the] resting-place	اور جب ; کہا جاتا ہے ; واسطے اس کے ; ڈرو ; اللہ سے ; پکڑ لیتی ہے اس کو ; عزت۔ وقار ; ساتھ گناہ کے ; تو کافی ہے اس کو ; جہنم ; اور البتہ کتنا برا ہے۔ یقینا بہت ہی برا ہے ; ٹھکانہ
207	And of ; the people ; (is the one) who ; sells ; his own self ; seeking ; pleasure ; (of) Allah ; And Allah ; (is) full of Kindness ; to His servants	اور میں سے ; لوگوں ; کوئی وہ ہے ; جو بیچتا ہے ; اپنے نفس کو ; تلاش کرنے کے لیے۔ چاہنے کے لیے ; رضا ; اللہ کی ; اور اللہ ; شفقت کرنے والا ہے ; بندوں پر
208	O you ; who ; believe[d] ; Enter ; in ; Islam ; completely ; and (do) not ; follow ; footsteps ; (of) the Shaitaan ; Indeed, he ; (is) for you ; an enemy ; open	اے ; لوگو ; جو ایمان لائے ہو ; داخل ہوجاؤ ; میں ; اسلام میں۔ اطاعت میں ; سارے کے سارے۔ پورے کے پورے ; اور نہ ; تم پیروی کرو ; قدموں کی ; شیطان کے ; بیشک وہ ; تمہارے لیے ; دشمن ہے ; کھلم کھلا
209	Then if ; you slip ; from ; after ; [what] ; came to you ; (from) the clear proofs ; then know ; that ; Allah ; (is) All-Mighty ; All-Wise	پھر اگر ; لڑکھڑا گئے تم۔ پھسل گئے تم ;  ; اس کے بعد ; جو ; آگئیں تمہارے پاس ; روشن نشانیاں ; تو جان لو ; بیشک ; اللہ تعالیٰ ; زبردست ہے ; حکمت والا ہے
210	Are ; they waiting ; [except] ; that ; comes to them ; Allah ; in ; (the) shadows ; of ; [the] clouds ; and the Angels ; and is decreed ; the matter ; And to ; Allah ; return ; (all) the matters	کیا۔ پس ; وہ انتظار کر رہے۔ وہ دیکھ رہے ; مگر ; (اس بات کا) یہ کہ ; آجائے ان کے پاس ; اللہ ; میں ; سائبانوں ; سے ; بادلوں ; اور فرشتے ; اور پورا کردیا جائے ; معاملہ۔ فیصلہ ; اور طرف ; اللہ کے ; لوٹائے جاتے ہیں ; سب کام
211	Ask ; (the) Children ; (of) Israel ; how many ; We gave them ; of ; (the) Sign(s) ; clear ; And whoever ; changes ; Favor ; (of) Allah ; from ; after ; [what] ; it (has) come to him ; then indeed ; Allah ; (is) severe ; in [the] chastising	پوچھ لیجیے ; بنی ; اسرائیل سے ; کتنی ; دیں ہم نے ان کو ; سے ; نشانیوں ; روشن ; اور جو کوئی ; بدل دے گا ; نعمت کو ; اللہ کی ; سے ; اس کے بعد ; جو ; آگئی اس کے پاس ; تو بیشک ; اللہ ; سخت ; سزا والا ہے
212	Beautified ; for those who ; disbelieve[d] ; (is) the life ; (of) the world ; and they ridicule ; [of] ; those who ; believe[d] ; And those who ; fear (Allah) ; (they will be) above them ; (on the) Day ; (of) Resurrection ; And Allah ; provides ; whom ; He wills ; without ; measure	خوشنما بنادی گئی۔ خوبصورت بنادی گئی ; ان لوگوں کے لیے ; جنہوں نے کفر کیا ; زندگی ; دنیا کی ; اور وہ مذاق اڑاتے ہیں۔ ;  ; ان لوگوں کا ; جو ایمان لائے ; اور وہ لوگ ; جنہوں نے تقوی اختیار کیا ; ان کے اوپر ہوں گے ; دن ; قیامت کے ; اللہ ; رزق دیتا ہے ; جسے ; چاہتا ہے ; بغیر ; حساب کے
213	Was ; mankind ; a community ; single ; then raised up ; Allah ; [the] Prophets ; (as) bearers of glad tidings ; and (as) warners ; and sent down ; with them ; the Book ; in [the] truth ; to judge ; between ; [the] people ; in what ; they differed ; [in it] ; And (did) not ; differ[ed] ; in it ; except ; those who ; were given it ; from ; after ; [what] ; came to them ; the clear proofs ; (out of) jealousy ; among themselves ; And guided ; Allah ; those who ; believe[d] ; regarding what ; they differed ; [in it] ; of ; the Truth ; with His permission ; And Allah ; guides ; whom ; He wills ; to ; a path ; straight	تھے ; لوگ ; امت ; ایک ; پھر بھیجا ; اللہ نے ; نبیوں کو ; خوشخبری دینے والا ; اور ڈرانے والے (بنا کر) ; اور نازل کی ; ان کے ساتھ ; کتاب ; حق کے ساتھ ; تاکہ وہ فیصلہ کرے ; درمیان ; لوگوں کے ; اس میں جو ; انہوں نے اختلاف کیا ; اس میں ; اور نہیں ; اختلاف کیا ; اس میں ; مگر ; ان لوگوں نے ; جو دیے گئے تھے اس کو ;  ; اس کے بعد ; جو ; آئیں ان کے پاس ; روشن نشانیاں ; ضد کی وجہ سے ; اپنے درمیان ; تو ہدایت دی ; اللہ نے ; ان لوگوں کو ; جو ایمان لائے ; واسطے اس چیز کے جو ; انہوں نے اختلاف کیا ; اس میں ; سے ; حق ; ساتھ اپنے حکم کے ; اور اللہ ; ہدایت دیتا ہے ; جس کو ; چاہتا ہے ; طرف ; راہ ; سیدھی راہ کے ۔ سیدھے راستے کے
214	Or ; (do) you think ; that ; you will enter ; Paradise ; while not ; (has) come to you ; like (came to) ; those who ; passed away ; from ; before you ; Touched them ; [the] adversity ; and [the] hardship ; and they were shaken ; until ; said ; the Messenger ; and those who ; believed ; with him ; When ; [will] (the) help ; (of) Allah (come) ; Unquestionably ; [Indeed] ; help ; (of) Allah ; (is) near	کیا ; خیال کیا تم نے۔ سمجھ لیا ہے تم نے ; کہ ; تم داخل ہوجاؤ گے ; جنت میں ; حالانکہ نہیں ; آئی تمہارے پاس ; مثال ; ان لوگوں کی ; جو گزر چکے ; سے ; تم سے پہلے ; پہنچیں ان کو ; سختیاں ; اور مصیبتیں ; اور وہ ہلا مارے گئے ; یہاں تک کہ ; پکار اٹھے۔ کہہ اٹھے ; رسول ; اور وہ لوگ ; جو ایمان لائے ; ساتھ اس کے ; کب آئے گی ; مدد ; اللہ کی ; خبردار ۔ سنو ; بیشک ; مدد ; اللہ کی ; قریب ہے
215	They ask you ; what ; they (should) spend ; Say ; Whatever ; you spend ; of ; good ; (is) for parents ; and the relatives ; and the orphans ; and the needy ; and (of) ; the wayfarer ; And whatever ; you do ; of ; good ; So indeed ; Allah ; of it ; (is) All-Aware	وہ سوال کرتے ہیں آپ سے ; کیا کچھ ; وہ خرچ کریں ; کہہ دیجیے ; جو ; خرچ کرو تم ; سے ; مال میں ; تو والدین کے لیے ہے ; اور قریبی رشتہ داروں کے لیے ; اور یتیموں کے لیے ; اور مسکینوں کے لیے ; اور مسافروں کے لیے ;  ; اور جو بھی ; تم کرو گے ; سے ; نیکی میں سے ; تو بیشک ; اللہ ; اس کو ; جاننے والا ہے
216	Is prescribed ; upon you ; [the] fighting ; while it ; (is) hateful ; to you ; But perhaps ; [that] ; you dislike ; a thing ; and it ; (is) good ; for you ; and perhaps ; [that] ; you love ; a thing ; and it ; (is) bad ; for you ; And Allah ; knows ; while you ; (do) not ; know	فرض کیا گیا ; تم پر ; جنگ کرنا۔ لڑائی کرنا ; حالانکہ وہ ; ناپسندیدہ ہے ; تمہارے لیے ; اور امید ہے۔ ہوسکتا ہے ; کہ ; تم ناپسند کرو ; کسی چیز کو ; اور وہ ; بہتر ہو ; تمہارے لیے ; اور امید ہے۔ ہوسکتا ہے ; کہ ; تم پسند کرو ; کسی چیز کو ; اور وہ ; بری ہو ; تمہارے لیے ; اور اللہ ; جانتا ہے ; اور تم ; نہیں ; تم جانتے
217	They ask you ; about ; the month ; [the] sacred ; (concerning) fighting ; in it ; Say ; Fighting ; therein ; (is) a great (sin) ; but hindering (people) ; from ; (the) way ; (of) Allah ; and disbelief ; in Him ; and (preventing access to) Al-Masjid ; Al-Haraam ; and driving out ; its people ; from it ; (is) greater (sin) ; near ; Allah ; And [the] oppression ; (is) greater ; than ; [the] killing ; And not ; they will cease ; (to) fight with you ; until ; they turn you away ; from ; your religion ; if ; they are able ; And whoever ; turns away ; among you ; from ; his religion ; then dies ; while he ; (is) a disbeliever ; for those ; became worthless ; their deeds ; in ; the world ; and the Hereafter ; And those ; (are) companions ; (of) the Fire ; they ; in it ; (will) abide forever	وہ سوال کرتے ہیں آپ سے ; میں ; مہینوں کے بارے ; حرام ; جنگ کرنا ; اس میں ; کہہ دیں ; جنگ کرنا ; اس میں ; بڑا ہے (گناہ) ; اور روکنا ; سے ; راستے ; اللہ کے ; اور کفر کرنا ; اس کا ; اور مسجد ; حرام سے ; اور نکالنا ; اس کے رہنے والوں کو ; اس سے ; سب سے بڑا ہے۔ بہت بڑا گناہ ہے ; نزدیک ; اللہ کے ; اور فتنہ ; زیادہ بڑا ہے ; سے ; قتل ;  ; اور ہمیشہ رہیں گے ; جنگ کرتے تم سے ; یہاں تک کہ ; لوٹا دیں تم کو ; سے ; تمہارے دین سے ; اگر ; وہ استطاعت رکھتے ہوں ; اور جو ; پھر گیا۔ پھر جائے گا ; تم میں سے ; سے ; اپنے دین سے ; پھر وہ مرجائے ; اس حال میں کہ وہ ; کافر ہے ; تو یہی لوگ ; ضائع ہوگئے ; اعمال ان کے ; میں ; دنیا ; اور آخرت میں ; اور یہی لوگ ; ساتھی ہیں ; آگ کے ; وہ ; اس میں ; ہمیشہ رہنے والے ہیں
218	Indeed ; those who ; believed ; and those who ; emigrated ; and strove ; in ; (the) way ; (of) Allah ; those ; they hope ; (for) Mercy ; (of) Allah ; And Allah ; (is) Oft-Forgiving ; Most Merciful	بیشک ; وہ لوگ ; جو ایمان لائے ; اور وہ لوگ ; جنہوں نے ہجرت کی ; اور جہاد کیا ; میں ; راہ ; اللہ کی ; یہی لوگ ; وہ امید رکھتے ہیں ; رحمت ; اللہ کی ; اور اللہ ; بخشنے والا ; رحیم ہے
219	They ask you ; about ; [the] intoxicants ; and [the] games of chance ; Say ; In both of them ; (is) a sin ; great ; and (some) benefits ; for [the] people ; But sin of both of them ; (is) greater ; than ; (the) benefit of (the) two ; And they ask you ; what ; they (should) spend ; Say ; The surplus ; Thus ; makes clear ; Allah ; to you ; [the] Verses ; so that you may ; ponder	وہ سوال کرتے ہیں آپ سے ; میں ; شراب کے بارے ; اور جوئے کے بارے میں ; کہہ دیجیے ; ان دونوں میں ; گناہ ہے ; بڑا ; اور کچھ فائدے بھی ہیں ; لوگوں کے لیے ; گناہ ان دونوں کا ; زیادہ بڑا ہے ; سے ; ان دونوں کے نفع ; اور وہ سوال کرتے ہیں آپ سے ; کیا کچھ ; وہ خرچ کریں ; کہہ دیجیے ; ضرورت سے زائد ; اسی طرح ; بیان کرتا ہے ; اللہ ; تمہارے لیے ; آیات ; تاکہ تم ; تم غور و فکر کرو
220	Concerning ; the world ; and the Hereafter ; They ask you ; about ; the orphans ; Say ; Setting right (their affairs) ; for them ; (is) best ; And if ; you associate with them ; then they (are) your brothers ; And Allah ; knows ; the corrupter ; from ; the amender ; And if ; (had) willed ; Allah ; surely He (could have) put you in difficulties ; Indeed ; Allah ; (is) All-Mighty ; All-Wise	میں ; دنیا ; اور آخرت میں ; اور وہ سوال کرتے ہیں آپ سے ;  ; یتیموں کے بارے میں ; کہہ دیجیے ; اصلاح کرنا۔ خیر خواہی کرنا ; ان کے لیے ; اچھا ہے ; اور اگر ; تم ملا لو ان کو ; تو وہ تمہارے بھائی ہیں ; اور اللہ ; جانتا ہے ; فساد کرنے والے کو ; سے ; اصلاح کرنے والے ; اور اگر ; چاہتا ; اللہ ; البتہ مشکل میں ڈال دیتا تم کو ; بیشک ; اللہ ; زبردست ہے ; حکمت والا ہے
221	And (do) not ; [you] marry ; [the] polytheistic women ; until ; they believe ; And a bondwoman ; (who is) believing ; (is) better ; than ; a polytheistic woman ; [and] even if ; she pleases you ; And (do) not ; give in marriage (your women) ; (to) [the] polytheistic men ; until ; they believe ; and a bondman ; (who is) believing ; (is) better ; than ; a polytheistic man ; [and] even if ; he pleases you ; [Those] ; they invite ; to ; the Fire ; and Allah ; invites ; to ; Paradise ; and [the] forgiveness ; by His permission ; And He makes clear ; His Verses ; for the people ; so that they may ; take heed	اور نہ ; تم نکاح کرو ; مشرک عورتوں سے ; یہاں تک کہ ; وہ ایمان لے آئیں ; اور البتہ لونڈی ; مومنہ۔ ایمان والی ; بہتر ہے ; سے ; مشرکہ عورت ; اور اگرچہ ; وہ اچھی لگے تم کو ; اور نہ ; تم نکاح کر کے دو ; مشرک مردوں کو ; یہاں تک کہ ; وہ ایمان لے آئیں ; اور البتہ غلام ; مومن ; بہتر ہے ; سے ; مشرک مرد ; اور اگرچہ ; وہ پسند آئے تم کو ; یہ لوگ ; بلاتے ہیں ; طرف ; آگ کی ; اور اللہ ; بلاتا ہے ; طرف ; جنت کی طرف ; اور بخشش کی طرف ; ساتھ اپنے اذن کے ; اور بیان کرتا ہے ; آیات اپنی ; لوگوں کے لیے ; تاکہ وہ ; وہ نصیحت پکڑیں
222	And they ask you ; about ; [the] menstruation ; Say ; It ; (is) a hurt ; so keep away (from) ; [the] women ; during ; (their) [the] menstruation ; And (do) not ; approach them ; until ; they are cleansed ; Then when ; they are purified ; then come to them ; from ; where ; has ordered you ; Allah ; Indeed ; Allah ; loves ; those who turn in repentance ; and loves ; those who purify themselves	اور وہ سوال کرتے ہیں آپ سے ;  ; حیض کے بارے میں ; کہہ دیجیے ; وہ ; نجاست ہے۔ تکلیف ہے ; تو الگ رہو ; عورتوں سے ; میں ; حیض ; اور نہ ; تم قریب جاؤ ان کے ; یہاں تک کہ ; وہ پاک ہوجائیں ; پھر جب ; وہ پاک ہو جائیں ; تو آؤ ان کے پاس ; سے ; جہاں ; حکم دیا تم کو ; اللہ نے ; بیشک ; اللہ ; پسند کرتا ہے۔ محبت رکھتا ہے ; توبہ کرنے والوں سے ; اور محبت رکھتا ہے ; پاک رہنے والوں سے
223	Your wives ; (are) a tilth ; for you ; so come ; (to) your tilth ; when ; you wish ; and send forth (good deeds) ; for yourselves ; And be conscious ; (of) Allah ; and know ; that you ; (will) meet Him ; And give glad tidings ; (to) the believers	عورتیں تمہاری ; کھیتی ہیں ; تمہارے لیے ; تو آؤ ; اپنے کھیت میں ; جہاں سے۔ جس طرح ; چاہو تم ; اور آگے بھیجو ; واسطے اپنے نفسوں کے ; اور ڈرو ; اللہ سے ; اور جان لو ; بیشک تم ; ملاقات کرنے والے ہو اس سے ; اور خوشخبری دے دو ; ایمان لانے والوں کو
224	And (do) not ; make ; Allah's (name) ; an excuse ; in your oaths ; that ; you do good ; and be righteous ; and make peace ; between ; [the] people ; And Allah ; (is) All-Hearing ; All-Knowing	اور نہ ; تم بناؤ ; اللہ کو ; نشانہ۔ ڈھال۔ ہدف ; اپنی قسموں کے لیے ; کہ ; تم نیکی کرو ; اور تم تقوی اختیار کرو ; اور تم صلح کراؤ ; درمیان ; لوگوں کے ; اور اللہ ; سننے والا ہے ; جاننے والا ہے
225	Not ; will take you to task ; Allah ; for (what is) unintentional ; in ; your oaths ; [and] but ; He takes you to task ; for what ; (have) earned ; your hearts ; And Allah ; (is) Oft-Forgiving ; Most Forbearing	نہیں ; مواخذہ کرے گا تمہارا ; اللہ ; ساتھ لغو کے ; میں ; تمہاری قسموں ; لیکن ; مواخذہ کرے گا تمہارا ; بوجہ اس کے جو ; کمائی کی ; تمہارے دلوں نے ; اور اللہ ; مغفرت کرنے والا ; حلم والا۔ بردبار ہے
226	For those who ; swear (off) ; from ; their wives ; (is a) waiting (of) ; four ; months ; then if ; they return ; then indeed ; Allah ; (is) Oft-Forgiving ; Most Merciful	ان لوگوں کے لیے ; جو قسم کھالیتے ہیں ; سے ; اپنی بیویوں ; انتظار کرنا ہے ; چار ; مہینے ; پھر اگر ; وہ رجوع کریں۔ وہ لوٹیں ; تو بیشک ; اللہ ; بخشنے والا ; مہربان ہے
227	And if ; they resolve ; (on) [the] divorce ; then indeed ; Allah ; (is) All-Hearing ; All-Knowing	اور اگر ; وہ عزم کریں۔ انہوں نے ارادہ کیا ; طلاق کا ; تو بیشک ; اللہ ; سننے والا ; جاننے والا ہے
228	And the women who are divorced ; shall wait ; concerning themselves ; (for) three ; monthly periods ; And (it is) not ; lawful ; for them ; that ; they conceal ; what ; (has been) created ; (by) Allah ; in ; their wombs ; if ; they ; believe ; in Allah ; and the Day ; [the] Last ; And their husbands ; (have) better right ; to take them back ; in ; that (period) ; if ; they wish ; (for) reconciliation ; And for them ; (is the) like ; (of) that which ; (is) on them ; in a reasonable manner ; and for the men ; over them ; (is) a degree ; And Allah ; (is) All-Mighty ; All-Wise	اور عورتیں جو طلاق یافتہ ہیں ; انتظار کریں وہ ; ساتھ اپنے نفسوں کے ; تین ; حیض۔ طہر ; اور نہیں ; حلال ; ان کے لیے ; کہ ; وہ چھپائیں ; جو ; پیدا کیا ; اللہ نے ; میں ; ان کے رحموں ; اگر ; وہ ہیں ; ایمان رکھتیں ; اللہ پر ; اور یوم ; آخرت پر ; اور ان کے شوہر ; زیادہ حق دار ہیں ; ان کو لوٹانے کے ; میں ; اس ; اگر ; وہ ارادہ کریں۔ وہ چاہتے ہوں ; اصلاح کو ; اور ان کے لیے ; مانند ; اس کے ہے۔ جو ; اوپر ان کے ہے ; ساتھ معروف طریقے کے ; اور مردوں کے لیے ; ان پر ; ایک درجہ ہے ; اور اللہ ; زبردست ہے ; حکمت والا ہے
229	The divorce ; (is) twice ; Then to retain ; in a reasonable manner ; or ; to release (her) ; with kindness ; And (it is) not ; lawful ; for you ; that ; you take (back) ; whatever ; you have given them ; anything ; except ; if ; both fear ; that not ; they both (can) keep ; (the) limits ; (of) Allah ; But if ; you fear ; that not ; they both (can) keep ; (the) limits ; (of) Allah ; then (there is) no ; sin ; on both of them ; in what ; she ransoms ; concerning it ; These ; (are the) limits ; (of) Allah ; so (do) not ; transgress them ; And whoever ; transgresses ; (the) limits ; (of) Allah ; then those ; they ; (are) the wrongdoers	طلاق ; دو مرتبہ ہے ; پھر روک لینا ہے ; ساتھ بھلے طریقے کے ; یا ; رخصت کردینا ہے ; ساتھ احسان کے ; اور نہیں ; حلال۔ جائز ; تمہارے لیے ; کہ ; تم لے لو ; اس میں سے جو ; دے دیا ہے تم نے ان کو ; کچھ بھی ; مگر ; کہ ; وہ دونوں ڈریں ; کہ نہ ; وہ دونوں قائم رکھ سکیں گے ; حدود کو ; اللہ کی ; پھر اگر ; اندیشہ ہو تمہیں ; کہ نہ ; وہ دونوں قائم رکھ سکیں گے ; حدود کو ; اللہ کی ; تو نہیں ; کوئی گناہ ; ان دونوں پر ; اس چیز میں ; جو وہ (عورت) فدیہ دے دے ; ساتھ اس کے ; یہ ; حدود ہیں ; اللہ کی ; تو نہ ; تم تجاوز کرنا ان سے ; اور جو ; تجاوز کرے گا ; حدود ; اللہ کی ; تو یہی لوگ ہیں ; وہ ; جو ظالم ہیں
230	Then if ; he divorces her ; then (she is) not ; lawful ; for him ; from ; after (that) ; until ; she marries ; a spouse ; other than him ; Then if ; he divorces her ; then no ; sin ; on them ; if ; they return to each other ; if ; they believe ; that ; they (will be able to) keep ; (the) limits ; (of) Allah ; And these ; (are the) limits ; (of) Allah ; He makes them clear ; to a people ; who know	پھر اگر ; وہ (مرد) طلاق دے دے اس (عورت) کو ; تو نہیں ; وہ حلال ہوسکتی ; اس کے لیے ;  ; اس کے بعد ; یہاں تک کہ ; وہ (عورت) نکاح کرے ; شوہر سے ; اس کے علاوہ ; پھر اگر ; وہ طلاق دے اس کو ; تو نہیں ; کوئی گناہ ; ان دونوں پر ; کہ ; وہ دونوں رجوع کریں ; کہ ; وہ دونوں سمجھیں ; کہ ; وہ دونوں قائم کرلیں گے ; حدود کو ; اللہ کی ; اور یہ ; حدود ہیں ; اللہ کی ; وہ بیان کرتا ہے ان کو ; (ان) لوگوں کے لیے جو ; علم رکھتے ہیں
231	And when ; you divorce ; the women ; and they reach ; their (waiting) term ; then retain them ; in a fair manner ; or ; release them ; in a fair manner ; And (do) not ; retain them ; (to) hurt ; so that you transgress ; And whoever ; does ; that ; then indeed ; he wronged ; himself ; And (do) not ; take ; (the) Verses ; (of) Allah ; (in) jest ; and remember ; (the) Favors ; (of) Allah ; upon you ; and what ; (is) revealed ; to you ; of ; the Book ; and [the] wisdom ; He instructs you ; with it ; And fear ; Allah ; and know ; that ; Allah (is) ; of every ; thing ; All-Knower	اور جب ; تم طلاق دے دو ; عورتوں کو ; پھر وہ پوری کرلیں۔ وہ پہنچیں ; اپنی مدت کو ; تو روک لو ان کو ; ساتھ بھلے طریقے کے ; یا ; رخصت کردو ان کو ; ساتھ بھلے طریقے کے ; اور نہ ; تم روکے رکھو ان کو ; تکلیف دینے کے لیے ; تاکہ تم زیادتی کرو ; اور جو کوئی ; کرے گا ; یہ (زیادتی) ; تو تحقیق ; اس نے ظلم کیا ; اپنے نفس پر ; اور نہ ; تم بناؤ ; آیات کو ; اللہ کی ; مذاق ; اور یاد کرو ; نعمت ; اللہ کی ; جو تم پر ہے ; اور جو ; اس نے نازل کیا ; تم پر ; سے ; کتاب میں ; اور حکمت میں سے ; وہ نصیحت کرتا ہے تم کو ; ساتھ اس کے ; اور ڈرو ; اللہ سے ; اور جان لو ; بیشک ; اللہ ; ساتھ ہر ; چیز کے ; جاننے والا ہے
232	And when ; you divorce ; [the] women ; and they reached ; their (waiting) term ; then (do) not ; hinder them ; [that] ; (from) marrying ; their husbands ; when ; they agree ; between themselves ; in a fair manner ; That ; is admonished ; with it ; whoever ; [is] ; among you ; believes ; in Allah ; and the Day ; [the] Last ; that ; (is) more virtuous ; for you ; and more purer ; And Allah ; knows ; and you ; (do) not ; know	اور جب ; طلاق دے دو تم ; عورتوں کو ; پھر وہ پہنچیں ; اپنی مدت کو ; تو نہ ; تو منع کرو انہیں۔ تو نہ روکو انہیں ; کہ ; وہ نکاح کرلیں ; اپنے شوہروں سے ; جب ; وہ باہم رضا مند ہوجائیں ; آپس میں ; مناسب طریقے سے ; یہ ; نصیحت کی جاتی ہے ; ساتھ اس کے ; (اسے) جو ; ہو ; تم میں سے ; ایمان رکھتا ; اللہ پر ; اور یوم ; آخرت پر۔ قیامت کے دن پر ; یہ بات ; زیادہ پاکیزہ ہے ; تمہارے لیے ; اور زیادہ پاک ہے ; اور اللہ ; جانتا ہے ; اور تم ; نہیں ; تم جانتے
233	And the mothers ; shall suckle ; their children ; (for) two years ; complete ; for whoever ; wishes ; to ; complete ; the suckling ; And upon ; the father ; (on) him ; (is) their provision ; and their clothing ; in a fair manner ; Not ; is burdened ; any soul ; except ; its capacity ; Not ; made to suffer ; (the) mother ; because of her child ; and not ; (the) father ; (be) ; because of his child ; And on ; the (father's) heir ; (is a duty) like ; that (of the father) ; Then if ; they both desire ; weaning ; through ; mutual consent ; of both of them ; and consultation ; then no ; blame ; on both of them ; And if ; you want ; to ; ask another women to suckle ; your child ; then (there is) no ; blame ; on you ; when ; you pay ; what ; you give ; in a fair manner ; And fear ; Allah ; and know ; that ; Allah ; of what ; you do ; (is) All-Seer	اور مائیں ; دودھ پلائیں ; اپنی اولاد کو ; دو سال ; مکمل۔ پورے ; واسطے اس کے جو ; ارادہ کرے ; کہ ; وہ پورا کرے ; دودھ کی مدت ; اور پر ; جس کا بچہ ہے ; اس کے ; رزق ہے ان عورتوں کا ; اور لباس ان کا ; بھلے طریقے سے ; نہ ; تکلیف دیا جائے ; کوئی نفس ; مگر ; اس کی وسعت کے مطابق ; نہ ; نقصان پہنچایا جائے ; والدہ کو۔ ماں کو ; اس کے بچے کی وجہ سے ; اور نہ ; والد کو ; اس کے ; بچے کی وجہ سے ; اور اوپر ; وارث کے ہے (ذمہ داری) ; مانند۔ اسی قسم کی ; اسی کی ; پھر اگر ; وہ دونوں ارادہ کرلیں ; دودھ چھڑانے کا باھم رضا مندی سے ;  ; باہم رضا مندی سے ; اپنی۔ ان دونوں کی ; اور باہم مشورے سے ; تو نہیں ; کوئی گناہ ; ان دونوں پر ; اور اگر ; تم ارادہ کرو ; کہ ; تم دودھ پلواؤ ; اپنی اولاد کو ; تو نہیں ; کوئی گناہ ; تم پر ; جب ; سپرد کر دو تم ; جو ; دینا۔ کیا تم نے ; ساتھ بھلے طریقے کے ; اور ڈرو ; اللہ سے ; اور جان لو ; بیشک ; اللہ تعالیٰ ; ساتھ اس کے جو ; تم کرتے ہو ; دیکھنے والا ہے
234	And those who ; pass away ; among you ; and leave behind ; wives ; (the widows) should wait ; for themselves ; (for) four ; months ; and ten (days) ; Then when ; they reach ; their (specified) term ; then (there is) no ; blame ; upon you ; for what ; they do ; concerning ; themselves ; in a fair manner ; And Allah ; of what ; you do ; (is) All-Aware	اور وہ لوگ ; جو فوت کرلیے جاتے ہیں۔ وفات پاجائیں ; تم میں سے ; اور وہ چھوڑ جاتے ہیں ; بیویاں ; وہ انتظار کریں۔ وہ روکے رکھیں ; اپنے آپ کو۔ کا۔ ساتھ اپنے نفسوں کے ; چار ; مہینے ; اور دس (دن) ; پھر جب ; وہ پہنچیں ; اپنی عدت کو ; تو نہیں ; کوئی گناہ ; تم پر ; اس میں جو ; وہ کریں ; میں ; اپنے نفسوں کے بارے ; معروف طریقے سے ; اور اللہ ; ساتھ اس کے جو ; تم کرتے ہو ; خبر رکھنے والا ہے
235	And (there is) no ; blame ; upon you ; in what ; you hint ; [with it] ; of ; marriage proposal ; [to] the women ; or ; you conceal it ; in ; yourselves ; Knows ; Allah ; that you ; will mention them ; [and] but ; (do) not ; promise them (widows) ; secretly ; except ; that ; you say ; a saying ; honorable ; And (do) not ; resolve (on) ; the knot ; (of) marriage ; until ; reaches ; the prescribed term ; its end ; And know ; that ; Allah ; knows ; what ; (is) within ; yourselves ; so beware of Him ; And know ; that ; Allah ; (is) Oft-Forgiving ; Most Forbearing	اور نہیں ; کوئی گناہ ; تم پر ; اس معاملے میں جو ; اشارہ کیا تم نے۔ آگے تم پیش کرتے ہو ; ساتھ اس کے ; سے ; منگنی کو ; عورتوں سے ۔ عورتوں کی منگنی کے بارے میں ; یا ; چھپایا تم نے۔ چھپاتے ہو تم ; میں ; اپنے نفسوں میں ; جان لیا۔ معلوم ہے ; اللہ نے۔ اللہ کو ; بیشک تم ; ضرور تم یاد کرو گے ان کو ; اور لیکن ; نہ ; تم باھم وعدہ کرو ان سے ; چھپ کر۔ پوشیدہ طور پر ; مگر ; یہ کہ ; تم کہو ; بات ; بھلی ; اور نہ ; تم عزم کرو ; گرہ کا ; نکاح کی ; یہاں تک کہ ; پہنچ جائے ; کتاب۔ لکھا ہوا ; اپنی مدت کو ; اور جان لو ; بیشک ; اللہ ; جانتا ہے ; اس کو جو ; میں ; تمہارے نفسوں میں ہے ; پس ڈرو اس سے ; اور جان لو ; بیشک ; اللہ ; بخشنے والا ; بردبار ہے
236	(There is) no ; blame ; upon you ; if ; you divorce ; [the] women ; whom ; not ; you have touched ; nor ; you specified ; for them ; an obligation (dower) ; And make provision for them ; upon ; the wealthy ; according to his means ; and upon ; the poor ; according to his means ; a provision ; in a fair manner ; a duty ; upon ; the good-doers	نہیں ; کوئی گناہ ; تم پر ; اگر ; طلاق دی تم نے ; عورتوں کو ; جب تک کہ ; نہ ; تم نے چھوا ان کو ; یا ; تم نے مقرر کیا ; ان کے لیے ; کچھ مہر۔ فریضہ ; اور مال و متاع دو ان کو ; اوپر ; وسعت والے کے ; اس کی وسعت کے مطابق ; اور اوپر ; تنگدست کے ; اس کی وسعت کے مطابق ; فائدہ پہنچانا ہے ; معروف طریقے سے ; یہ حق ہے ; اوپر ; احسان کرنے والوں کے
237	And if ; you divorce them ; from ; before ; [that] ; you (have) touched them ; while already ; you have specified ; for them ; an obligation (dower) ; then (give) half ; (of) what ; you have specified ; unless ; [that] ; they (women) forgo (it) ; or ; forgoes ; the one ; in whose hands ; (is the) knot ; (of) the marriage ; And that ; you forgo ; (is) nearer ; to [the] righteousness ; And (do) not ; forget ; the graciousness ; among you ; Indeed ; Allah ; of what ; you do ; (is) All-Seer	اور اگر ; تم طلاق دو ان کو ; سے ; اس سے پہلے ; کہ ; تم نے ہاتھ لگایا ان کو ; اور تحقیق ; مقرر کردیا تھا تم نے ; ان کے لیے ; مہر کو ; تو آدھا ہے ; جو ; مقرر کیا تم نے (مہر) ; مگر ; یہ کہ ; وہ (عورتیں) معاف کردیں ; یا ; معاف کردے ; وہ شخص ; اس کے ہاتھ میں ہے ; گرہ ; نکاح کی ; اور یہ کہ ; تم معاف کردو ; زیادہ قریب ہے ; تقوی کے ; اور نہ ; تم بھولو ; احسان کو ; آپس میں۔ اپنے درمیان ; بیشک ; اللہ ; ساتھ اس کے جو ; تم عمل کرتے ہو ; دیکھنے والا ہے
238	Guard strictly ; [on] ; the prayers ; and the prayer ; [the] middle ; and stand up ; for Allah ; devoutly obedient	حفاظت کیا کرو ; اوپر ; نمازوں کی ; اور نماز کی ; درمیانی ; اور کھڑے ہوجاؤ ; اللہ کے لیے ; فرمانبردار بن کر
239	And if ; you fear ; then (pray) on foot ; or ; riding ; Then when ; you are secure ; then remember ; Allah ; as ; He (has) taught you ; what ; not ; you were ; knowing	پھر اگر ; خوف ہو تم کو ; تو پیدل چلتے ہوئے ; یا ; سوار ہوکر ; پھر جب ; امن میں آجاؤ تم ; تو یاد کرو ; اللہ کو ; جیسا کہ ; اس نے سکھایا تم کو ; جو ; نہیں ; تھے تم ; تم جانتے
240	And those who ; die ; among you ; and leave behind ; (their) wives ; (should make) a will ; for their wives ; provision ; for ; the year ; without ; driving (them) out ; But if ; they leave ; then no ; blame ; upon you ; in ; what ; they do ; concerning ; themselves ; [of] ; honorably ; And Allah ; (is) All-Mighty ; All-Wise	اور وہ لوگ ; جو فوت ہوجاتے ہیں۔ کرلیے جاتے ہیں ; تم میں سے ; اور چھوڑ جاتے ہیں ; بیویوں کو ; وصیت کرنا ہے ; اپنی بیویوں کے لیے ; فائدہ پہنچانا ; تک ; ایک سال ; بغیر ; نکالے ; پھر اگر ; وہ نکل جائیں ; تو نہیں ; کوئی گناہ ; تم پر ; میں ; اس معاملے جو ; وہ کریں ; میں ; اپنے نفسوں کے بارے ; سے ; معروف طریقے ; اور اللہ ; زبردست ہے۔ غالب ہے ; حکمت والا ہے
241	And for the divorced women ; (is) a provision ; in a fair manner ; a duty ; upon ; the righteous	اور طلاق یافتہ عورتوں کے لیے ; فائدہ پہنچانا ہے ; بھلے طریقے سے ; یہ حق ہے ; پر ; تقوی کرنے والوں
242	Thus ; makes clear ; Allah ; for you ; His Verses ; so that you may ; use your intellect	اسی طرح ; کھول کھول کر بیان کرتا ہے ; اللہ ; تمہارے لیے ; اپنی آیات کو۔ اپنے احکام کو ; تاکہ تم ; تم عقل سے کام لو
243	Did not ; you see ; [to] ; those who ; went out ; from ; their homes ; and they ; (were in) thousands ; (in) fear ; (of) [the] death ; Then said ; to them ; Allah ; Die ; then ; He restored them to life ; Indeed ; Allah ; (is) surely Possessor ; (of) bounty ; for ; [the] mankind ; [and] but ; most ; (of) the people ; (are) not ; grateful	کیا نہیں ; دیکھا تم نے ; طرف ; ان لوگوں کے ; جو نکل گئے ; سے ; اپنے گھروں ; اور وہ ; ہزاروں میں تھے ; ڈر سے ; موت کے ۔موت سے بچنے کے لیے ; تو کہا ; ان کو۔ واسطے ان کے ; اللہ نے ; مرجاؤ ; پھر ; اس نے زندہ کیا ان کو ; بیشک ; اللہ ; البتہ ; فضل والا ہے ; پر ; لوگوں ; اور لیکن ; اکثر ; لوگ ; نہیں ; شکر ادا کرتے
244	And fight ; in ; (the) way ; (of) Allah ; and know ; that ; Allah ; (is) All-Hearing ; All-Knowing	اور جنگ کرو ; میں ; راستے ; اللہ کے ; اور جان لو ; بیشک ; اللہ ; سننے والا ہے ; جاننے والا ہے
245	Who ; (is) the one ; who ; will lend ; (to) Allah ; a loan ; good ; so (that) He multiplies it ; for him ; manifolds ; many ; And Allah ; withholds ; and grants abundance ; and to Him ; you will be returned	کون ہے ; جو ; وہ ; قرض دے ; اللہ کو ; قرض ; حسنہ ; تو وہ بڑھا دے اس کو ; اس کے لیے ; کئی گنا ; بہت زیادہ ; اور اللہ ; گھٹاتا ہے۔ تنگ کرتا ہے ; اور بڑھاتا ہے۔ کشادہ کرتا ہے۔ ; اور اسی کی طرف ; تم لوٹائے جاؤ گے
246	Did not ; you see ; [towards] ; the chiefs ; of ; (the) Children ; (of) Israel ; from ; after ; Musa ; when ; they said ; to a Prophet ; of theirs ; Appoint ; for us ; a king ; we may fight ; in ; (the) way ; (of) Allah ; He said ; Would ; you perhaps ; if ; prescribed ; upon you ; [the] fighting ; that not ; you fight ; They said ; And what ; for us ; that not ; we fight ; in ; (the) way ; (of) Allah ; while surely ; we have been driven ; from ; our homes ; and our children ; Yet, when ; was prescribed ; upon them ; the fighting ; they turned away ; except ; a few ; among them ; And Allah ; (is) All-Knowing ; of the wrongdoers	کیا نہیں ; تم نے دیکھا ; طرف ; سرداروں کے ; سے ; بنی ; اسرائیل میں ; سے ; بعد ; موسیٰ کے ; جب ; انہوں نے کہا ; واسطے ایک نبی کے ; اپنے ۔ ان کے ; مقرر کر ; ہمارے لیے ; ایک بادشاہ ; ہم جنگ کریں ; میں ; راستے ; اللہ کے ; اس نے کہا ; کیا ; امید ہے تم کو۔ ہوسکتا ہے کہ تم ; اگر ; لکھا گیا ; تم پر ; جنگ کرنا۔ لڑنا ; کہ نہ ; تم لڑو گے ; انہوں نے کہا ; اور کیا ہے ; ہمارے لیے ; کہ نہ ; ہم لڑائی کریں گے۔ ہم جنگ کریں گے ; میں ; راستے ; اللہ کے ; اور تحقیق ; ہم نکالے گئے ; سے ; اپنے گھروں سے ; اور اپنے بیٹوں سے ; پھر جب ; لکھ دیا گیا ; ان پر ; جنگ کرنا ; تو وہ منہ موڑ گئے ; مگر ; تھوڑے سے ; ان میں سے ; اور اللہ ; جاننے والا ہے ; ظالموں کو
247	And said ; to them ; their Prophet ; Indeed ; Allah ; (has) surely ; raised ; for you ; Talut ; (as) a king ; They said ; How ; can be ; for him ; the kingship ; over us ; while we ; (are) more entitled ; to kingship ; than him ; and not ; he has been given ; abundance ; of ; [the] wealth ; He said ; Indeed ; Allah ; has chosen him ; over you ; and increased him ; abundantly ; in ; [the] knowledge ; and [the] physique ; And Allah ; gives ; His kingdom ; (to) whom ; He wills ; And Allah ; (is) All-Encompassing ; All-Knowing	اور کہا ; ان کے لیے ; ان کے نبی نے ; بیشک ; اللہ ; تحقیق ; مقرر کردیا ہے۔ بھیجا ہے ; تمہارے لیے ; طالوت کو ; ایک بادشاہ ; انہوں نے کہا ; کہاں سے۔ کیسے۔ کیونکر ; ہوسکتی ہے ; اس کے لیے ; بادشاہت ; ہم پر ; اور حالانکہ ہم ; زیادہ حق دار ہیں ; بادشاہت کے ; اس سے ; اور نہیں ; وہ دیا گیا ; وسعت ; سے ; مال ; اس نے کہا ; بیشک ; اللہ نے ; چن لیا ہے اس کو ; اوپر تمہارے ; اور بڑھا دیا ہے اس نے اس کی ; فراخی کو۔ کشادگی کو ; میں ; علم میں ; اور جسم میں ; اور اللہ ; دیتا ہے ; بادشاہت اپنی ; جسے ; چاہتا ہے ; اور اللہ ; وسعت والا ہے ; جاننے والا ہے
248	And said ; to them ; their Prophet ; Indeed ; a sign ; (of) his kingship ; (is) that ; will come to you ; the ark ; in it ; (is) tranquility ; from ; your Lord ; and a remnant ; of what ; (was) left ; (by the) family ; (of) Musa ; and family ; (of) Harun ; will carry it ; the Angels ; Indeed ; in ; that ; (is) surely a sign ; for you ; if ; you are ; believers	اور کہا ; ان کے لیے ; ان کے نبی نے ; بیشک ; نشانی ; اس کی بادشاہت کی ; یہ کہ ; آجائے گا تمہارے پاس ; تابوت ; اس میں ; تسکین ہے ; سے ; تمہارے رب کی طرف ; اور باقی مانندہ ہے ; اس میں سے جو ; چھوڑ گئے ; آل ; موسیٰ ; اور آل ; ہارون ; اٹھائے ہوئے ہوں اس کو ; فرشتے ; بیشک ; میں ; اس ; البتہ ایک نشانی ہے ; تمہارے لیے ; اگر ; ہو تم ; ایمان لانے والے
249	Then when ; set out ; Talut ; with the forces ; he said ; Indeed ; Allah ; will test you ; with a river ; So whoever ; drinks ; from it ; then he is not ; from me ; and whoever ; (does) not ; taste it ; then indeed, he ; (is) from me ; except ; whoever ; takes ; (in the) hollow ; (of) his hand ; Then they drank ; from it ; except ; a few ; of them ; Then when ; he crossed it ; he ; and those who ; believed ; with him ; they said ; No ; strength ; for us ; today ; against Jalut ; and his troops ; Said ; those who ; were certain ; that they ; (would) meet ; Allah ; How many ; of ; a company ; small ; overcame ; a company ; large ; by (the) permission ; (of) Allah ; And Allah ; (is) with ; the patient ones	پھر جب۔ پس جب ; جدا ہوا ; طالوت ; ساتھ لشکروں کے ; اس نے کہا ; بیشک ; اللہ تعالیٰ ; آزمانے والا ہے تم کو ; ساتھ ایک نہر کے ; تو جو کوئی ; پیے گا ; اس سے ; تو نہیں ہے وہ ; مجھ سے ; اور جو کوئی ; نہ ; پیے گا اس کو۔ چکھے گا اس کو ; تو بیشک وہ ; مجھ سے ہے ; مگر ; جو ; چلو بھر لے ; ایک چلو بھرنا ; ساتھ اپنے ہاتھ کے ; تو انہوں نے پیا ; اس سے ; مگر۔ سوائے ; تھوڑوں کے ; ان میں سے ; پھر جب ; اس نے پار کیا اس کو ; اس نے ; اور ان لوگوں نے ; جو ایمان لائے تھے ; اس کے ساتھ ; وہ کہنے لگے ; نہیں ; کوئی ہمت (لڑائی میں) ۔ طاقت ; ہمارے لیے ; آج ; ساتھ جالوت کے ; اور اس کے لشکروں کے ; کہا ; ان لوگوں نے ; جو یقین رکھتے تھے ; کہ بیشک وہ ; ملاقات کرنے والے ہیں ; اللہ سے ; کتنے ہی ; سے ; گروہوں میں ; تھوڑے ; غالب آئے ; گروہوں پر ; زیادہ ; ساتھ اذن کے ; اللہ کے ; اور اللہ ; ساتھ ہے ; صبر کرنے والوں کے
250	And when ; they went forth ; to (face) Jalut ; and his troops ; they said ; Our Lord ; Pour ; on us ; patience ; and make firm ; our feet ; and help us ; against ; the people ; (who are) disbelieving	اور جب ; وہ نکلے ; جالوت کے لیے ; اور اس کے لشکروں کے لیے ; انہوں نے کہا ; اے ہمارے رب ; ڈال دے ; ہم پر ; صبر ; اور جما دے ; ہمارے قدموں کو ; اور مدد کر ہماری ; اوپر ; قوم کے ; کافروں کی
251	So they defeated them ; by (the) permission ; (of) Allah ; and killed ; Dawood ; Jalut ; and gave him ; Allah ; the kingdom ; and the wisdom ; and taught him ; that which ; He willed ; And if not ; (for the) repelling ; (by) Allah ; [the] people ; some of them ; with others ; certainly (would have) corrupted ; the Earth ; [and] but ; Allah ; (is) Possessor ; (of) bounty ; to ; the worlds	تو انہوں نے شکست دے دی ان کو ; ساتھ اذن کے ; اللہ کے ; اور قتل کردیا ; داؤد نے ; جالوت کو ; اور عطا کی اس کو ; اللہ نے ; بادشاہت ; اور حکمت ; اور سکھایا اس کو ; اس میں سے جو ; اس نے چاہا ; اور اگر نہ ہوتا ; ہٹانا ; اللہ کا ; لوگوں کو ; ان میں سے بعض کو ; ساتھ بعض کے ; البتہ بگڑ جاتی ; زمین ; اور لیکن ; اللہ تعالیٰ ; والا ہے ; فضل والا ہے ; پر ; جہان والوں
252	These ; (are the) Verses ; (of) Allah ; We recite them ; to you ; in [the] truth ; And indeed, you ; (are) surely of ; the Messengers	یہ ; آیات ہیں ; اللہ کی ; ہم پڑھتے ہیں ان کو ; آپ پر ; ساتھ حق کے ; اور بیشک آپ ; البتہ ; رسولوں میں سے ہیں
253	These ; (are) the Messengers ; We (have) preferred ; some of them ; over ; others ; Among them ; (were those with) whom ; spoke ; Allah ; and He raised ; some of them ; (in) degrees ; And We gave ; Isa ; son ; (of) Maryam ; the clear proofs ; and We supported him ; with Spirit ; [the] Holy ; And if ; (had) willed ; Allah ; not ; (would have) fought each other ; those who ; (came) from ; after them ; from ; after ; [what] ; came to them ; the clear proofs ; [And] but ; they differed ; [so] of them ; (are some) who ; believed ; and of them ; (are some) who ; denied ; And if ; (had) willed ; Allah ; not ; they (would have) fought each other ; [and] but ; Allah ; does ; what ; He intends	یہ ; رسول ; فضیلت دی ہم نے ; ان کے بعض کو ; اوپر ; بعض کے ; ان میں سے بعض کچھ ; وہ ہیں جن سے ; کلام کیا ; اللہ نے ; اور بلند کیا ; ان میں سے بعض کو ; درجات میں ; اوردیں ہم نے ; عیسیٰ ; ابن ; مریم کو ; روشن نشانیاں۔ معجزات ; تائید کی ہم نے اس کی ; ساتھ روح ; پاک کے ; اوراگر ; چاہتا ; اللہ ; نہ ; باہم لڑے۔ نہ ایک دوسرے سے لڑتے ; وہ لوگ ; سے ; جو ان کے بعد تھے ;  ; اس کے بعد جو ;  ; آگئیں ان کے پاس ; کھلی نشانیاں ; لیکن ; انہوں نے اختلاف کیا ; تو ان میں سے کچھ ; وہ ; جو ایمان لائے ; اور بعض ان میں سے ;  ; کچھ وہ جس نے کفر کیا ; اور اگر ; چاہتا ; اللہ ; نہ ; وہ باہم لڑے ; لیکن ; اللہ تعالیٰ ; کرتا ہے ; جو ; وہ چاہتا ہے
254	O you ; who ; believe[d] ; Spend ; of what ; We (have) provided you ; from ; before ; that ; comes ; a Day ; no ; bargaining ; in it ; and no ; friendship ; and no ; intercession ; And the deniers ; they ; (are) the wrongdoers	اے ; لوگو ; جو ایمان لائے ; خرچ کرو ; اس میں سے جو ; رزق دیا ہم نے تم کو ; سے ; اس سے پہلے ; کہ ; آجائے ; ایک دن ; نہیں ; کوئی خریدوفروخت۔ تجارت ; اس میں ; اور نہ ; گہری دوستی ; اورنہ ; کوئی سفارش ; اورکافر ; وہ ہیں ; جو ظالم ہیں
255	Allah ; (there is) no ; God ; except ; Him ; the Ever-Living ; the Sustainer of all that exists ; Not ; overtakes Him ; slumber ; [and] not ; sleep ; To Him (belongs) ; what(ever) ; (is) in ; the heavens ; and what(ever) ; (is) in ; the earth ; Who ; (is) the one ; who ; can intercede ; with Him ; except ; by His permission ; He knows ; what ; (is) ; before them ; and what ; (is) behind them ; And not ; they encompass ; anything ; of ; His Knowledge ; except ; [of] what ; He willed ; Extends ; His Seat ; (to) the heavens ; and the earth ; And not ; tires Him ; (the) guarding of both of them ; And He ; (is) the Most High ; the Most Great	اللہ تعالیٰ وہ ہے ; نہیں ; کوئی الہ ; مگر ; وہی ; جو ہمیشہ سے۔ زندہ ہے ; جو ہمیشہ سے قائم ہے ; نہیں ; پکڑتی اس کو ; اونگھ ; اورنہ ; نیند ; اس کے لیے ہے ; جو ; میں ہے ; آسمانوں ; اور جو ; میں ہے ; زمین ; کون ; (ہے) ایک ; وہ جو ; سفارش کرے ; اس کے پاس ; مگر ; اُس کی اجازت سے ; وہ جانتا ہے ; جو ; درمیان ; ان سے پہلے ; اورجو ; ان کے پیچھے ہے ; اور نہیں ; احاطہ کرسکتے ہیں ; کچھ بھی ; میں سے ; اس کے علم ; مگر ; ساتھ اس کے جو ; وہ چاہے ; وسیع ہے ; اس کی کرسی ; آسمانوں پر ; اور زمین پر ; اور نہیں ; تھکاتی اس کو ; ان دونوں کی حفاظت ; اور وہ ; بلند ہے ; بہت بڑا
256	(There is) no ; compulsion ; in ; the religion ; Surely ; has become distinct ; the right (path) ; from ; the wrong ; Then whoever ; disbelieves ; in false deities ; and believes ; in Allah ; then surely ; he grasped ; the handhold ; [the] firm ; (which) not ; (will) break ; [for it] ; And Allah ; (is) All-Hearing ; All-Knowing	نہیں ; کوئی جبر ; میں ; دین ; تحقیق ; واضح ہوگئی ہے ; ہدایت ; سے ; گمراہی ; تو جو کوئی ; کفر کرے گا ; طاغوت کا ; اور ایمان لائے گا ; اللہ پر ; تو تحقیق ; اس نے تھام لیا ; ساتھ کھڑا ; مضبوط۔ مضبوط سہارا ; نہیں ہے ; کوئی ٹوٹنا ; اسس کے لئیے ; اور اللہ ; خوب سننے والا ہے ; جاننے والا ہے
257	Allah ; (is the) Protecting Guardian ; (of) those who ; believe[d] ; He brings them out ; from ; [the] darkness ; towards ; [the] light ; And those who ; disbelieve(d) ; their guardians ; (are) the evil ones ; they bring them out ; from ; the light ; towards ; [the] darkness ; Those ; (are the) companions ; (of) the Fire ; they ; in it ; will abide forever	اللہ تعالیٰ ; دوست ہے ; ان لوگوں کا ; جو ایمان لائے ; نکالتا ہے ان کو ; سے ; اندھیروں ; کی طرف ; روشنی ; اور وہ لوگ ; جنہوں نے کفر کیا ; ان کے دوست ; طاغوت میں ; اور نکال لے جاتے ہیں ان کو۔ وہ نکالتے ہیں ان کو ; سے ; نور ; کی طرف ; اندھیروں ; یہی لوگ ; ساتھی ; آگ والے۔ آگ کے ; وہ ; اس میں ; ہمیشہ رہنے والے ہیں
258	Did not ; you see ; [towards] ; the one who ; argued ; (with) Ibrahim ; concerning ; his Lord ; because ; gave him ; Allah ; the kingdom ; When ; Said ; Ibrahim ; My Lord ; (is) the One Who ; grants life ; and causes death ; He said ; I ; give life ; and cause death ; Said ; Ibrahim ; [Then] indeed ; Allah ; brings up ; the sun ; from ; the east ; so you bring ; it ; from ; the west ; So became dumbfounded ; the one who ; disbelieved ; and Allah ; (does) not ; guide ; the people ; (who are) [the] wrongdoers	کیا نہیں ; تم نے دیکھا ; طرف ; اس شخص کے ; جس سے حجت بازی کی ; ابراہیم سے ; بارے میں ; اس کے رب کے ; کہ ; عطا کی ; اللہ تعالیٰ نے ; اس کو بادشاہت ; جب ; کہا ; ابراھیم نے ; میرا رب ; وہ ہے جو ; زندہ کرتا ہے ; اور موت دیتا ہے ; کہا ; میں ; زندہ کرتا ہوں ; اورمیں موت دیتا ہوں ; کہا ; ابراہیم نے ; پس بیشک ; اللہ تعالیٰ ; لاتا ہے ; سورج کو ; سے ; مشرق ; پس تم لے آؤ ; اس کو ; سے ; مغرب سے کفر کیا ; تو مبہوت ہوگیا۔ پس حیران ہوگیا ; وہ جس نے ; کفر کیا ; اللہ تعالیٰ نے ; نہیں ; ہدایت دیتا ہے ; قوم کو ; جو ظالم ہو
259	Or ; like the one who ; passed ; by ; a township ; and it ; (had) overturned ; on ; its roofs ; He said ; How ; (will) bring to life ; this (town) ; Allah ; after ; its death ; Then he was made to die ; (by) Allah ; (for) a hundred ; year(s) ; then ; He raised him ; He said ; How long ; (have) you remained ; He said ; I remained ; (for) a day ; or ; a part ; (of) a day ; He said ; Nay ; you (have) remained ; one hundred ; year(s) ; Then look ; at ; your food ; and your drink ; (they did) not ; change with time ; and look ; at ; your donkey ; and We will make you ; a sign ; for the people ; And look ; at ; the bones ; how ; We raise them ; then ; We cover them ; (with) flesh ; Then when ; became clear ; to him ; he said ; I know ; that ; Allah ; (is) on ; every ; thing ; All-Powerful	یا ; اس شخص کی طرح ہے جو۔ پابند اس شخص کے جو ; گزرا ; پر ; ایک بستی کے ; اوروہ ; گری ہوئی تھی ; پر ; اپنی چھتوں کے ; اس نے کہا ; کس طرح۔ کیوں کر ; زندہ کرے گا ; اس کو ; اللہ ; بعد ; اس کی موت کے ; تو مار دیا اس کو ; اللہ نے ; سو ; سال ; پھر ; اٹھایا اس کو۔ زندہ کیا اس کو ; فرمایا ; کتنا عرصہ ; تم ٹھہرے ہو ; اس نے کہا ; میں ٹھہرا ; ایک دن ; یا ; کچھ حصہ ; دن کا ; فرمایا ; بلکہ ; تو ٹھہرا ; سو ; سال ; پس دیکھ ; طرف ; اپنے کھانے کے ; اور اپنے پینے کے ; نہیں ; خراب ہوا وہ ; اور دیکھو ; طرف ; اپنے گدھے کے ; اور تاکہ ہم بنادیں تم کو ; ایک نشانی ; لوگوں کے لیے ; اور دیکھو ; طرف ; ہڈیوں کے ; کس طرح ; ہم جوڑ دیتے ہیں ان کو۔ ہم حرکت دیتے ہیں ان کو۔ ہم الٹا دیتے ہیں ان کو ; پھر ; ہم پہناتے ہیں ; گوشت ; پھر جب ; واضح ہوگیا ; واسطے اس کو ; کہا ; میں جان گیا ; بیشک ; اللہ تعالیٰ ; اوپر ; ہر ; چیز کے ; قادر ہے
260	And when ; said ; Ibrahim ; My Lord ; show me ; how ; You give life ; (to) the dead ; He said ; Have not ; you believed ; He said ; Yes ; [and] but ; to satisfy ; my heart ; He said ; Then take ; four ; of ; the birds ; and incline them ; towards you ; then ; put ; on ; each ; hill ; of them ; a portion ; then ; call them ; they will come to you ; (in) haste ; And know ; that ; Allah ; (is) All-Mighty ; All-Wise	اور جب ; کہا ; ابراہیم نے ; اے میرے رب ; تو دکھا مجھ کو ; کس طرح ; تو زندہ کرے گا۔ تو زندہ کرتا ہے ; مردوں کو ; فرمایا ; کیا بھلا نہیں ; تم ایمان رکھتے ; کہا ; کیوں نہیں ; لیکن۔ مگر ; اس لیے تاکہ مطمئن ہوجائے ; میرا دل ; فرمایا ; پس لے لو ; چار ; میں سے ; پرندوں ; پھر مائل کرو ان کو ; اپنی طرف ; پھر ; رکھ دو ; اوپر ; ہر ; پہاڑ کے ; ان میں سے ; ایک حصہ ; پھر ; بلاؤ ان کو ; وہ آجائیں گے تیرے پاس ; دوڑتے ہوئے ; اورجان لو ; بیشک ; اللہ تعالیٰ ; غالب ہے ; حکمت والا ہے
261	Example ; (of) those who ; spend ; their wealth ; in ; (the) way ; (of) Allah ; (is) like ; a grain ; which grows ; seven ; ears ; in ; each ; ear ; hundred ; grain(s) ; And Allah ; gives manifold ; to whom ; He wills ; And Allah ; (is) All-Encompassing ; All-Knowing	مثال ; ان لوگوں کی ; جو خرچ کرتے ہیں ; اپنے مالوں کو ; میں ; راستے میں ; اللہ کے ; مانند مثال ; ایک دانے کے ہے ; اس نے اگائیں ; سات ; بالیاں ۔ خوشےسو ; میں ; ہر ; بالی ; سو ; دانے ; اور اللہ ; بڑھاتا ہے ; واسطے جس کے ; وہ چاہتا ہے ; اور اللہ ; وسعت والا ہے ; جاننے والا ہے
262	Those who ; spend ; their wealth ; in ; (the) way ; (of) Allah ; then ; not ; they follow ; what ; they spend ; (with) reminders of generosity ; and not ; hurt ; for them ; their reward ; (is) with ; their Lord ; and (there will be) no ; fear ; on them ; and not ; they ; will grieve	وہ لوگ ; جو خرچ کرتے ہیں ; اپنے مالوں کو ; میں ; راستے ; اللہ کے ; پھر ; نہیں ; وہ پیچھا کرتے احسان جتا کر ; اس کا جو ; انہوں نے خرچ کیا ; اس کا جو ; اور نہ ; اذیت دے کر۔ تکلیف دے کر ; ان کے لئیے ; ان کا اجر ہے ; پاس ; ان کے رب کے ; اور نہ ; کوئی خوف ہوگا ; ان پر ; اور نہ ; وہ ; غمگین ہوں گے
263	A word ; kind ; and (seeking) forgiveness ; (are) better ; than ; a charity ; followed [it] ; (by) hurt ; And Allah ; (is) All-Sufficient ; All-Forbearing	بات ; اچھی۔ بھلی ; اور بخشش۔ درگزر ; بہتر ہے ; سے ; اس صدقہ سے ; پیچھے آئے اس کے۔ جس کے بعد ; تکلیف۔ دکھ ; اوراللہ ; بےنیاز ; بردبار ہے
264	O you ; who ; believe[d] ; (Do) not ; render in vain ; your charities ; with reminders (of it) ; or [the] hurt ; like the one who ; spends ; his wealth ; (to) be seen ; (by) the people ; and (does) not ; believe ; in Allah ; and the Day ; [the] Last ; Then his example ; (is) like ; (that of a) smooth rock ; upon it ; (is) dust ; then fell on it ; heavy rain ; then left it ; bare ; Not ; they have control ; on ; anything ; of what ; they (have) earned ; And Allah ; (does) not ; guide ; the people ; [the] disbelieving	اے ; لوگو ; جو ایمان لائے ہو ; نہ ; تم ضائع کرو ; اپنے صدقات کو ; احسان جتا کر ; اور اذیت دے کر ; اس شخص کی طرح ; جو خرچ کرتا ہے ; اپنا مال ; دکھاوے کو۔ ریاکاری کے لیے ; لوگوں کے ; اور نہ ; وہ ایمان لاتا ; اللہ پر ; اور یوم ; آخرت پر ; تو اس کی مثال ; مانند مثال ; چکنے پتھر کے ہے ; جس پر ; مٹی ہو ; تو پہنچے اس کو ; تیز بارش ; تو چھوڑ دے اس کو ; صاف۔ چٹیل ; نہیں ; وہ قدرت رکھتے ہوں گے ; اوپر ; کسی چیز کے ; اس میں سے جو ; انہوں نے کمائی کی ; اور اللہ ; نہیں ; ہدایت دیتا ; قوم کو ; کافر
265	And (the) example ; (of) those who ; spend ; their wealth ; seeking ; (the) pleasure ; (of) Allah ; and certainty ; from ; their (inner) souls ; (is) like ; a garden ; on a height ; fell on it ; heavy rain ; so it yielded ; its harvest ; double ; Then if ; (does) not ; fall (on) it ; heavy rain ; then a drizzle ; And Allah ; of what ; you do ; (is) All-Seer	اور مثال ; ان لوگوں کی ; جو خرچ کرتے ہیں ; اپنے مالوں کو ; تلاش کرنے کے لیے ; مرضی۔ رضامندی ; اللہ کی ; اورپختگی۔ ثابت قدمی ; کی طرف ; اپنے نفسوں کی۔ ان کے نفسوں ; مانند مثال ; ایک باغ کے ہے ; اونچی جگہ پر ; پہنچے اس کو ; تیز بارش ; تو وہ دے دے ; پھل اپنا ; دوگنا ; پھر اگر ; نہ ; پہنچے اس کو ; تیز بارش ; تو شبنم ہی سہی۔ کافی ہے ; اور اللہ ; ساتھ اس کے جو ; تم عمل کرتے ہو ; دیکھنے والا ہے
266	Would like ; any of you ; that ; it be ; for him ; a garden ; of ; date-palms ; and grapevines ; flowing ; [from] ; underneath it ; the rivers ; for him ; in it ; of ; all (kinds) ; (of) [the] fruits ; and strikes him ; [the] old age ; and [for] his ; children ; (are) weak ; then falls on it ; whirlwind ; in it ; (is) fire ; then it is burnt ; Thus ; makes clear ; Allah ; for you ; (His) Signs ; so that you may ; ponder	کیا چاہتا ہے ; تم میں سے کوئی ایک ; کہ ; ہو ; اس کے لیے ; ایک باغ ; کا ; کھجوروں ; اورانگوروں کا ; بہتی ہوں ; اس کے ; نیچے ; نہریں ; اس کے لیے ; اس میں ;  ; ہر طرح ; پھل ہوں ; اور پہنچے اس کو ; بڑھاپا ; اور اس کے لیے ; اولاد ہو ; کمزور ; پھر پہنچے اسکو ; ایک بگولہ ; اس میں ; آگ ہو ; تو مل جائے ; اسی طرح ; بیان کرتا ہے ; اللہ ; تمہارے لیے ; نشانیاں ; تاکہ تم ; تم غور و فکر کرو
267	O you ; who ; believe[d] ; Spend ; from ; (the) good things ; that ; you have earned ; and whatever ; We brought forth ; for you ; from ; the earth ; And (do) not ; aim (at) ; the bad ; of it ; you spend ; while you (would) not ; take it ; except ; [that] ; (with) close(d) eyes ; [in it] ; and know ; that ; Allah ; (is) Self-Sufficient ; Praiseworthy	اے ; لوگو ; جو ایمان لائے ہو ; خرچ کرو ; میں سے ; پاکیزہ چیزوں ; جو ; تم کماؤ۔ کمایا تم نے ; اور اس میں سے جو ; نکالا ہم نے ; تمہارے لیے ; سے ; زمین ; اور نہ ; تم ارادہ کرو۔ تم چھوؤ ; ناپاک کا۔ کو ; اس میں سے ; تم خرچ کرتے ہو۔ تاکہ تم خرچ کرو ; حالانکہ نہیں ہو تم ; لینے والے اس کو ; مگر ; پر ; تم چشم پوشی کرو ; اس کے بارے میں ; اور جان لو ; بیشک ; اللہ تعالیٰ ; بےنیاز ہے ; اپنی ذات میں تعریف والا ہے
268	The Shaitaan ; promises you ; [the] poverty ; and orders you ; to immorality ; while Allah ; promises you ; forgiveness ; from Him ; and bounty ; And Allah ; (is) All-Encompassing ; All-Knowing	شیطان ; تم سے وعدہ کرتا ہے ; تنگدستی ; اور تمہیں حکم دیتا ہے ; بے حیائی کا ; اور اللہ ; تم سے وعدہ کرتا ہے ; بخشش ; اس سے (اپنی) ; اورفضل ; اور اللہ ; وسعت والا ; جاننے والا
269	He grants ; [the] wisdom ; (to) whom ; He wills ; and whoever ; is granted ; [the] wisdom ; then certainly ; he is granted ; good ; abundant ; And none ; remembers ; except ; those ; (of) understanding	دیتا ہے۔ وہ عطا کرتا ہے ; حکمت کو ; جسے وہ ; چاہتا ہے ; اورجو کوئی ; دیا گیا ; حکمت ; تو تحقیق ; وہ دیا گیا ; خیر ۔ بھلائی ; بہت ; اور نہیں ; نصیحت پکڑتے ; مگر ; والے ; عقل
270	And whatever ; you spend ; (out) of ; (your) expenditures ; or ; you vow ; of ; vow(s) ; then indeed ; Allah ; knows it ; and not ; for the wrongdoers ; any ; helpers	اور جو ; خرچ کرو تم ;  ; کوئی بھی خرچ کرنے کی چیز ; یا ; نذر مانو تم ;  ; کوئی بھی نذر ; تو بیشک ; اللہ تعالیٰ ; جانتا ہے اس کو۔ جان لے گا اس کو ; اورنہیں ; ظالموں کے لیے ;  ; کوئی مددگار
271	If ; you disclose ; the charities ; then good ; it (is) ; But if ; you keep it secret ; and give it ; (to) the poor ; then it ; (is) better ; for you ; And He will remove ; from you ; [of] ; your evil deeds ; And Allah ; with what ; you do ; (is) All-Aware	اگر ; تم ظاہر کرو گے ; صدقات ; تو کتنے اچھے ہیں۔ تو کتنا اچھا ہے ; وہ۔ یہ (ظاہر کرنا) ۚ ; اور اگر ; تم چھپاؤ ان کو ; اورتم دو ان کو ; فقراء کو۔ محتاجوں کو ; تو وہ ; اچھا ہے ; تمہارے لئیے ; اور وہ دور کرے گا ; تم سے ; سے ; تمہاری برائیوں میں سے ; اوراللہ ; ساتھ اس کے جو ; تم عمل کرتے ہو ; باخبر ہے
272	Not ; on you ; (is) their guidance ; [and] but ; Allah ; guides ; whom ; He wills ; And whatever ; you spend ; of ; good ; then it is for yourself ; and not ; you spend ; except ; seeking ; (the) face ; (of) Allah ; And whatever ; you spend ; of ; good ; will be repaid in full ; to you ; and you ; (will) not ; be wronged	نہیں ہے ; آپ کے ذمہ ; ان کو ہدایت ; لیکن ; اللہ تعالیٰ ; ہدایت دیتا ہے ; جس کو ; چاہتا ہے ; اور جو ; تم خرچ کرو گے ; میں سے ; مال ; تو تمہارے اپنے نفسوں کے لیے ہے ; او ر جو ; تم خرچ کرو گے ; مگر ; تلاش کرنے کے لیے ;  ; اللہ کی رضا ; اور جو ; تم خرچ کرو گے ; میں سے ; مال ; پورا کر کے دیا جائے گا ; طرف تمہارے۔ تمہیں ; تم ; نہ ; ظلم نہ کیے جاؤ گے
273	For the poor ; those who ; are wrapped up ; in ; (the) way ; (of) Allah ; not ; they are able ; (to) move about ; in ; the earth ; Think (about) them ; the ignorant one ; (that they are) self-sufficient ; (because) of ; (their) restraint ; you recognize them ; by their mark ; Not ; (do) they ask ; the people ; with importunity ; And whatever ; you spend ; of ; good ; then indeed ; Allah ; of it ; (is) All-Knower	یہ صدقات فقراء کے لیے ہیں۔ تنگدست کے لیے ہیں ; (یعنی) وہ لوگ جو ; گھیر لیے گئے ; میں ; راستے ; اللہ کے ; نہیں ; وہ استطاعت رکھتے ; چلنے پھرنے کی۔ دوڑ دھوپ کی ; میں ; زمین ; سمجھتا ہے ان کو ; جاہل۔ ناواقف ; دولت مند ; وجہ سے ; ان کی خودداری- ; تم پہچان لو گے ان کو ; ان کی علامت سے۔ ان کی پیشانی سے ; نہیں ; وہ مانگتے ; لوگوں سے ; اصرار کرکے۔ لپٹ کر ; اور جو ; تم خرچ کرو گے ; میں سے ; مال ; تو بیشک ; اللہ ; ساتھ اس کے ; جاننے والا ہے
274	Those who ; spend ; their wealth ; by night ; and day ; secretly ; and openly ; then for them ; (is) their reward ; with ; their Lord ; and no ; fear ; on them ; and not ; they ; will grieve	وہ لوگ ; جو خرچ کرتے ہیں ; اپنے مالوں کو ; رات کو ; اور دن کو ; چھپا کر ; اور اعلانیہ طور پر ; تو ان کے لیے ; ان کا اجر ہے ; ان کے ; رب کے پاس ; اور نہ ; کوئی خوف ہوگا ; ان پر ; اور نہ ; وہ ; وہ غمگین ہونگے
275	Those who ; consume ; [the] usury ; not ; they can stand ; except ; like ; stands ; the one who ; confounds him ; the Shaitaan ; with ; (his) touch ; That ; (is) because they ; say ; Only ; the trade ; (is) like ; [the] usury ; While has permitted ; Allah ; [the] trade ; but (has) forbidden ; [the] usury ; Then whoever ; comes to him ; (the) admonition ; from ; His Lord ; and he refrained ; then for him ; what ; (has) passed ; and his case ; (is) with ; Allah ; and whoever ; repeated ; then those ; (are the) companions ; (of) the Fire ; they ; in it ; will abide forever	وہ لوگ ; جو کھاتے ہیں ; سود کو ; نہیں ; وہ کھڑے ہوں گے ; مگر ; جیا کہ ; کھڑا ہونا ہے ; وہ شخص ; خبطی بنادیا ہو اس کو ; شیطان نے ;  ; چھو کر ; یہ ; وہ کہتے ہیں ; بیشک ; تجارت ; مانند ہے ; سود کے ; اور ; حالانکہ حلال کردیا ; اللہ نے ; تجارت کو ; اور حرام کردیا ; سود کو ; تو جو کوئی ; آجائے اس کے پاس ; ایک نصیحت ; ا س کے ; رب کی طرف ; پھر وہ رک جائے ; تو اس کے لیے ہے ; جو ; گزرچکا ; اوراس کا معاملہ ; طرف ; اللہ کے ہے ; اور جو کوئی ; لوٹے ; تو یہی لوگ ;  ; آگ والے ہیں ; وہ ; اس میں ; ہمیشہ رہنے والے ہیں
276	Destroys ; Allah ; the usury ; and (gives) increase ; (for) the charities ; And Allah ; (does) not ; love ; every ; ungrateful ; sinner	مٹاتا ہے ; اللہ ; سود کو ; اور بڑھتا ہے۔ نشو و نما دیتا ہے ; صدقات کو ; اور اللہ ; نہیں ; پسند کرتا ; ہر ; ناشکرے ; گناہگار کو
277	Indeed ; those who ; believe[d] ; and did ; good deeds ; and established ; the prayer ; and gave ; the zakah ; for them ; their reward ; (is) with ; their Lord ; and no ; fear ; on them ; and not ; they ; will grieve	بیشک ; وہ لوگ ; جو ایمان لائے ; اور انہوں نے عمل کیے ; اچھے۔ نیک ; اورانہوں نے قائم کی ; نماز ; اورانہوں نے دی ; زکوۃ ; ان کے لیے ; ان کا اجر ہے ; پاس ; ان کے رب کے ; اور نہ ; کوئی خوف ہوگا ; ان پر ; اور نہ ; وہ ; غمگین ہوں گے
278	O you ; who ; believe[d] ; Fear ; Allah ; and give up ; what ; remained ; of ; [the] usury ; if ; you are ; believers	اے ; لوگو ; جو ایمان لائے ہو ; ڈرو۔ تقوی کرو ; اللہ سے۔ اللہ کا ; اور چھوڑ دو ; جو ; باقی ہو ; میں سے ; سود ; اگر ; ہو تم ; ایمان والے
279	And if ; not ; you do ; then be informed ; of a war ; from ; Allah ; and His Messenger ; And if ; you repent ; then for you ; (is) ; your capital ; (do) not ; wrong ; and not ; you will be wronged	پھر اگر ; نہ ; تم کرو ; تو خبردار ہوجاؤ ; جنگ کے لیے ; سے ; اللہ ; اور اس کے رسول سے ; اوراگر ; تو بہ کرلو تم ; تو تمہارے لیے ہے ; اصل ; تمہارے مالوں کا ; نہ ; تم ظلم کرو گے ; اور ; تم پر ظلم کیا جائے گا
280	And if ; is ; the (debtor) ; in difficulty ; then postponement ; until ; ease ; And if ; you remit as charity ; (it is) better ; for you ; If ; you ; know	اور اگر ; ہے (وہ مقروض) ; والا ; تنگی۔ تنگدست ; تو مہلت دیتا ہے ; تک ; آسانی ; اور یہ کہ۔ اگر ; تم صدقہ کرو ; بہتر ہے ; تمہارے لیے ; اگر ; ہو تم ; تم جانتے
281	And fear ; a Day ; you will be brought back ; [in it] ; to ; Allah ; Then ; (will be) repaid in full ; every ; soul ; what ; it earned ; and they ; not ; will be wronged	اور ڈرو ; اس دن سے ; تم لوٹائے جاؤ گے ; اس میں ; طرف ; اللہ کی ; پھر ; پورا پورا دیا جائے گا ; ہر ; شخص کو ; جو ; اس نے کمائی کی ; اور وہ ; نہ ; ظلم کیے جائیں گے
282	O you ; who ; believe[d] ; When ; you contract with one another ; any debt ; for ; a term ; fixed ; then write it ; And let write ; between you ; a scribe ; in justice ; And not ; (should) refuse ; a scribe ; that ; he writes ; as ; (has) taught him ; Allah ; So let him write ; and let dictate ; the one ; on whom ; (is) the right ; and let him fear ; Allah ; his Lord ; and (let him) not ; diminish ; from it ; anything ; Then if ; is ; the one ; on him ; (is) the right ; (of) limited understanding ; or ; weak ; or ; not ; capable ; that ; (can) dictate ; he ; then let dictate ; his guardian ; with justice ; And call for evidence ; two witnesses ; among ; your men ; And if ; not ; there are ; two men ; then one man ; and two women ; of whom ; you agree ; of ; [the] witnesses ; (so) that (if) ; [she] errs ; one of the two ; then will remind ; one of the two ; the other ; And not ; (should) refuse ; the witnesses ; when ; that ; they are called ; And not ; (be) weary ; that ; you write it ; small ; or ; large ; for ; its term ; That ; (is) more just ; near ; Allah ; and more upright ; for evidence ; and nearer ; that not ; you (have) doubt ; except ; that ; be ; a transaction ; present ; you carry out ; among you ; then not ; on you ; any sin ; that not ; you write it ; And take witness ; when ; you make commercial transaction ; And not ; (should) be harmed ; (the) scribe ; and not ; (the) witness ; and if ; you do ; then indeed it ; (is) sinful conduct ; for you ; and fear ; Allah ; And teaches ; Allah ; And Allah ; of every ; thing ; (is) All-Knower	اے ; لوگو ; جو ایمان لائے ہو ; جب ; تم باہم لین دین کرو ; قرض کا ; تک ; وقت مقررہ۔ طے شدہ (مقررہ وقت تک) ;  ; تو لکھا کرو اس کو۔ تو لکھ لیا کرو اس کو ; چاہیے کہ لکھے ; تمہارے درمیان ; لکھنے والا ; ساتھ عدل کے ; اور نہ ; انکار کرے ; لکھنے والا ; کہ ; وہ لکھے ; جیسا کہ ; سکھا دیا اس کو ; اللہ نے ; پس چاہیے کہ وہ لکھے ; اور چاہیے کہ املاء کرے ; وہ شخص ; جس پر ; حق ہے (مقروض ہے) ; اورچاہیے کہ ; اللہ سے ; جو رب ہے اس کا ; اور نہ ; کمی کرے ; اس سے ; کسی چیز کی ; پھر اگر ; ہو ; وہ شخص (یعنی مقروض) ; اوپر اس کے ; حق ہے ; بےوقوف۔ کم عقل ; یا ; کمزور ; یا ; نہیں ; وہ استطاعت رکھتا ; کہ ; املاء کرے ; وہ ; پس چاہیے کہ املاء کرے ; سرپرست اس کا ; عدل کے ساتھ ; اور گواہ بنالیا کرو ; دو گواہ ; سے ; اپنے مردو (میں سے) ; پھر اگر ; نہ ; وہ دو ہوں ; دو مرد ; تو ایک مرد ; اور دو عورتیں ; اس میں سے جو ; تم پسند کرتے ہو ; سے ; گواہوں میں ; اس لیے کہ۔ مبادا کہ ; بھول جائے گی ; ان دونوں میں سے ایک ; تو یاد دہانی کرادے ; ان دونوں میں سے ایک ; دوسری کو ; اور نہ ; انکار کریں ; گواہ ; جب بھی۔ جہاں بھی ;  ; وہ بلائے جائیں ; اور نہ ; تم سستی کرو ; کہ ; تم لکھ لو اس کو ; چھوٹا ہو ; یا ; بڑا ہو ; طرف ; اس کے مقرر وقت کے ; یہ بات ; زیادہ انصاف والی ہے ; نزدیک ; اللہ کے ; اور زیادہ درست رکھنے والی ہے ; گواہی کے لیے ; اور زیادہ قریب ہے ; کہ نہ ; تم شک میں مبتلا ہو جاو ; مگر ; کہ ; ہو ; تجارت۔ سودا ; حاضر ; تم لین دین کرتے ہو اس کا ; آپس میں ; تو نہیں ہے ; تم پر ; کوئی گناہ ; کہ نہ ; تم لکھو اس کو ; اور گواہ بنا لو ; جب ; باہم خریدوفروخت کرو تم ; اور نہ ; ضرر پہنچایاجائے ; کاتب کو ; اور نہ ; گواہ کو ; اور اگر ; تم کرو گے ; تو بیشک وہ ; گناہ ہوگا ; تمہارے لئیے ; اور ڈرو تم ; اللہ سے ; اور سکھاتا ہے تم کو ; اللہ ; اور اللہ ; ساتھ ہر ; چیز کے ; جاننے والا ہے
283	And if ; you are ; on ; a journey ; and not ; you find ; a scribe ; then pledge ; in hand ; Then if ; entrusts ; one of you ; (to) another ; then let discharge ; the one who ; is entrusted ; his trust ; And let him fear ; Allah ; his Lord ; And (do) not ; conceal ; the evidence ; And whoever ; conceals it ; then indeed he ; (is) sinful ; his heart ; And Allah ; of what ; you do ; (is) All-Knower	اور اگر ; ہو تم ; پر ; سفر ; اورنہ ; تم پاؤ ; لکھنے والا ; تو رھن رکھا ہے ; قبضہ کی ہوئی کا ; پھر اگر ; اعتبار کرے ; تم میں سے بعض ; بعض کا ; پس چاہیے کہ ادا کرے ; وہ شخص جو ; امین بنایا گیا ; اس کی امانت کو ; اورچاہے کہ وہ ڈرے ; اللہ سے ; جو رب ہے اس کا ; اور نہ ; تم چھپاؤ ; گواہی کو ; اور جو کوئی ; چھپائے گا اس کو ; تو بیشک وہ ; گناہ گار ہے ; دل اس کا ; اور اللہ ; ساتھ اس کے جو ; تم عمل کرتے ہو ; جاننے والا ہے
284	To Allah (belongs) ; whatever ; (is) in ; the heavens ; and whatever ; (is) in ; the earth ; And if ; you disclose ; what ; (is) in ; yourselves ; or ; you conceal it ; will call you to account ; for it ; Allah ; Then, He will forgive ; [to] whom ; He wills ; and He will punish ; whom ; He wills ; And Allah ; on ; every ; thing ; (is) All-Powerful	اللہ کے لیے ہے ; جو ; میں ہے ; آسمانوں ; اور جو ; میں ہے ; زمین ; اور اگر ; تم ظاہر کرو ; جو ; میں ہے ; تمہارے نفسوں ; یا ; تم چھپاؤ گے اس کو ; حساب لے گا تمہارا ; ساتھ اس کے ; اللہ ; پھر وہ بخش دے گا ; جس کو ; وہ چاہے گا ; اور وہ عذاب دے گا ; جس کو وہ ; چاہے گا ; اور اللہ ; اوپر ; ہر ; چیز کے ; قدرت رکھنے والا ہے
285	Believed ; the Messenger ; in what ; was revealed ; to him ; from ; his Lord ; and the believers ; All ; believed ; in Allah ; and His Angels ; and His Books ; and His Messengers ; Not ; we make distinction ; between ; any ; of ; His messengers ; And they said ; We heard ; and we obeyed ; (Grant) us Your forgiveness ; our Lord ; and to You ; (is) the return	ایمان لائے ; رسول ; ساتھ اس کے جو ; نازل کیا گیا ; طرف اس کے ; طرف سے ; اس کے رب کی ; اورسارے مومن اور ; سارے کے سارے ; ایمان لائے ; اللہ پر ; اور اس کے فرشتوں پر ; اوراس کی کتابوں پر ; اور اس کے رسولوں پر ; نہیں ; ہم فرق کرتے ; درمیان ; کسی ایک کے ; میں سے ; اس کے رسولوں ; اور انہوں نے کہا ; سنا ہم نے ; اور اطاعت کی ہم نے ; چاہتے ہیں ہم تیری بخشش ; اے ہمارے رب ; اور طرف تیرے ہی ; پلٹنا ہے
286	(Does) not ; burden ; Allah ; any soul ; except ; its capacity ; for it ; what ; it earned ; and against it ; what ; it earned ; Our Lord ; (Do) not ; take us to task ; if ; we forget ; or ; we err ; Our Lord ; And (do) not ; lay ; upon us ; a burden ; like that ; (which) You laid [it] ; on ; those who ; (were) from ; before us ; Our Lord ; [And] (do) not ; lay on us ; what ; not ; (the) strength ; we have ; [of it] (to bear) ; And pardon ; [from] us ; and forgive ; [for] us ; and have mercy on us ; You (are) ; our Protector ; so help us ; against ; the people ; [the] disbelievers	نہیں ; تکلیف دیتا ہے ; اللہ ; کسی کو ; مگر ; اس کی وسعت کے مطابق ; اس کے لیے ہے ; جو ; اس نے کمائی کی ; اور اس کے ذمہ ہے ; جو ; اس نے کمایا ; اے ہمارے رب ; نہ ; مواخذہ کرنا ہمارا۔ نہ پکڑنا ہم کو ; اگر ; ہم بھول جائیں ; یا ; خطا کریں ہم ; اے ہمارے رب ; اور نہ ; تو ڈال۔ بوجھل کر ; ہم پر ; کوئی بوجھ ; جیسا کہ ; ڈالا تو نے اس کو۔ بوجھل کیا ; پر ; ان لوگوں ; سے ; جو ہم سے پہلے تھے ; اے ہمارے رب ; اور نہ ; تو اٹھوا ہم سے ; اس کو جو ; نہیں ; طاقت ; ہمارے لیے ; اس کی ; اور درگزر فرما ; ہم سے ; اوربخش دے ; ہمارے لیے ; اور رحم فرما ہم پر ; تو ; ہمارا مولا ہے ; پس مدد فرما ہماری ; اوپر ; کافر قوم کے ; اوپر کافر قوم کے
